case_id,trace_type,instance_id,start_time,end_time,duration_seconds,action_observed
s1s1,basic,20906e47-d40b-45f2-a65b-173dbb8f6431,2024-09-11T15:56:26.929568+00:00,2024-09-11T15:56:33.320994+00:00,6.391426,hand_hygiene
s1s1,basic,20906e47-d40b-45f2-a65b-173dbb8f6431,2024-09-11T15:57:15.114683+00:00,2024-09-11T15:58:22.076982+00:00,66.962299,hand_hygiene
s1s1,basic,20906e47-d40b-45f2-a65b-173dbb8f6431,2024-09-11T16:00:05.133422+00:00,2024-09-11T16:00:37.774905+00:00,32.641483,hand_hygiene
s1s1,basic,20906e47-d40b-45f2-a65b-173dbb8f6431,2024-09-11T16:00:55.319446+00:00,2024-09-11T16:01:15.388279+00:00,20.068833,hand_hygiene
s1s2,basic,20906e47-d40b-45f2-a65b-173dbb8f6431,2024-09-11T16:04:19.526257+00:00,2024-09-11T16:04:29.333264+00:00,9.807007,hand_hygiene
s1s2,basic,20906e47-d40b-45f2-a65b-173dbb8f6431,2024-09-11T16:05:07.728441+00:00,2024-09-11T16:05:44.835537+00:00,37.107096,hand_hygiene
s1s2,basic,20906e47-d40b-45f2-a65b-173dbb8f6431,2024-09-11T16:07:11.886636+00:00,2024-09-11T16:07:27.810830+00:00,15.924194,hand_hygiene
s1s2,basic,20906e47-d40b-45f2-a65b-173dbb8f6431,2024-09-11T16:07:49.698672+00:00,2024-09-11T16:07:52.216459+00:00,2.517787,hand_hygiene
s1s3,basic,20906e47-d40b-45f2-a65b-173dbb8f6431,2024-09-11T16:09:56.511529+00:00,2024-09-11T16:10:02.422100+00:00,5.910571,hand_hygiene
s1s3,basic,20906e47-d40b-45f2-a65b-173dbb8f6431,2024-09-11T16:10:18.357562+00:00,2024-09-11T16:10:25.184441+00:00,6.826879,hand_hygiene
s1s3,basic,20906e47-d40b-45f2-a65b-173dbb8f6431,2024-09-11T16:11:51.759304+00:00,2024-09-11T16:12:01.282420+00:00,9.523116,hand_hygiene
s1s3,basic,20906e47-d40b-45f2-a65b-173dbb8f6431,2024-09-11T16:12:19.916468+00:00,2024-09-11T16:12:22.722718+00:00,2.80625,hand_hygiene
s1s4,basic,20906e47-d40b-45f2-a65b-173dbb8f6431,2024-09-11T16:15:50.087351+00:00,2024-09-11T16:16:02.604569+00:00,12.517218,hand_hygiene
s1s4,basic,20906e47-d40b-45f2-a65b-173dbb8f6431,2024-09-11T16:16:23.278363+00:00,2024-09-11T16:16:48.965160+00:00,25.686797,hand_hygiene
s1s4,basic,20906e47-d40b-45f2-a65b-173dbb8f6431,2024-09-11T16:18:08.513943+00:00,2024-09-11T16:18:25.708659+00:00,17.194716,hand_hygiene
s1s4,basic,20906e47-d40b-45f2-a65b-173dbb8f6431,2024-09-11T16:18:41.589036+00:00,2024-09-11T16:18:51.134105+00:00,9.545069,hand_hygiene
s1s5,basic,20906e47-d40b-45f2-a65b-173dbb8f6431,2024-09-11T16:21:31.898305+00:00,2024-09-11T16:21:43.090197+00:00,11.191892,hand_hygiene
s1s5,basic,20906e47-d40b-45f2-a65b-173dbb8f6431,2024-09-11T16:22:04.598678+00:00,2024-09-11T16:22:23.797911+00:00,19.199233,hand_hygiene
s1s5,basic,20906e47-d40b-45f2-a65b-173dbb8f6431,2024-09-11T16:24:18.166094+00:00,2024-09-11T16:24:35.923117+00:00,17.757023,hand_hygiene
s1s5,basic,20906e47-d40b-45f2-a65b-173dbb8f6431,2024-09-11T16:24:59.945982+00:00,2024-09-11T16:25:06.727942+00:00,6.78196,hand_hygiene
s1s6,basic,20906e47-d40b-45f2-a65b-173dbb8f6431,2024-09-11T16:27:13.438417+00:00,2024-09-11T16:27:28.043609+00:00,14.605192,hand_hygiene
s1s6,basic,20906e47-d40b-45f2-a65b-173dbb8f6431,2024-09-11T16:27:42.839810+00:00,2024-09-11T16:28:23.301325+00:00,40.461515,hand_hygiene
s1s6,basic,20906e47-d40b-45f2-a65b-173dbb8f6431,2024-09-11T16:29:31.783187+00:00,2024-09-11T16:29:48.176438+00:00,16.393251,hand_hygiene
s1s6,basic,20906e47-d40b-45f2-a65b-173dbb8f6431,2024-09-11T16:30:06.593528+00:00,2024-09-11T16:30:16.148784+00:00,9.555256,hand_hygiene
s1s7,basic,20906e47-d40b-45f2-a65b-173dbb8f6431,2024-09-11T16:32:35.340945+00:00,2024-09-11T16:32:46.000446+00:00,10.659501,hand_hygiene
s1s7,basic,20906e47-d40b-45f2-a65b-173dbb8f6431,2024-09-11T16:33:11.121107+00:00,2024-09-11T16:33:50.549243+00:00,39.428136,hand_hygiene
s1s7,basic,20906e47-d40b-45f2-a65b-173dbb8f6431,2024-09-11T16:35:05.330334+00:00,2024-09-11T16:35:23.118431+00:00,17.788097,hand_hygiene
s1s7,basic,20906e47-d40b-45f2-a65b-173dbb8f6431,2024-09-11T16:35:40.088922+00:00,2024-09-11T16:35:44.487809+00:00,4.398887,hand_hygiene
s1s8,basic,20906e47-d40b-45f2-a65b-173dbb8f6431,2024-09-11T16:38:25.135656+00:00,2024-09-11T16:38:39.315957+00:00,14.180301,hand_hygiene
s1s8,basic,20906e47-d40b-45f2-a65b-173dbb8f6431,2024-09-11T16:39:00.795022+00:00,2024-09-11T16:39:41.190521+00:00,40.395499,hand_hygiene
s1s8,basic,20906e47-d40b-45f2-a65b-173dbb8f6431,2024-09-11T16:41:18.791562+00:00,2024-09-11T16:41:37.104938+00:00,18.313376,hand_hygiene
s1s8,basic,20906e47-d40b-45f2-a65b-173dbb8f6431,2024-09-11T16:42:01.540884+00:00,2024-09-11T16:42:11.850131+00:00,10.309247,hand_hygiene
s2s1,basic,f6f8523b-e71d-4de6-afd2-867549e70093,2024-09-12T10:51:35.331346+00:00,2024-09-12T10:51:52.757602+00:00,17.426256,hand_hygiene
s2s1,basic,f6f8523b-e71d-4de6-afd2-867549e70093,2024-09-12T10:52:11.446873+00:00,2024-09-12T10:52:58.850210+00:00,47.403337,hand_hygiene
s2s1,basic,f6f8523b-e71d-4de6-afd2-867549e70093,2024-09-12T10:54:29.414721+00:00,2024-09-12T10:54:55.637312+00:00,26.222591,hand_hygiene
s2s1,basic,f6f8523b-e71d-4de6-afd2-867549e70093,2024-09-12T10:55:13.783363+00:00,2024-09-12T10:55:37.393984+00:00,23.610621,hand_hygiene
s2s2,basic,f6f8523b-e71d-4de6-afd2-867549e70093,2024-09-12T10:57:58.029712+00:00,2024-09-12T10:58:11.312994+00:00,13.283282,hand_hygiene
s2s2,basic,f6f8523b-e71d-4de6-afd2-867549e70093,2024-09-12T10:58:26.496973+00:00,2024-09-12T10:59:05.416915+00:00,38.919942,hand_hygiene
s2s2,basic,f6f8523b-e71d-4de6-afd2-867549e70093,2024-09-12T11:00:16.107454+00:00,2024-09-12T11:00:37.548621+00:00,21.441167,hand_hygiene
s2s2,basic,f6f8523b-e71d-4de6-afd2-867549e70093,2024-09-12T11:00:57.369374+00:00,2024-09-12T11:01:06.044761+00:00,8.675387,hand_hygiene
s2s3,basic,f6f8523b-e71d-4de6-afd2-867549e70093,2024-09-12T11:03:27.803175+00:00,2024-09-12T11:03:39.834245+00:00,12.03107,hand_hygiene
s2s3,basic,f6f8523b-e71d-4de6-afd2-867549e70093,2024-09-12T11:03:56.228885+00:00,2024-09-12T11:04:37.406722+00:00,41.177837,hand_hygiene
s2s3,basic,f6f8523b-e71d-4de6-afd2-867549e70093,2024-09-12T11:05:49.716239+00:00,2024-09-12T11:06:09.200229+00:00,19.48399,hand_hygiene
s2s3,basic,f6f8523b-e71d-4de6-afd2-867549e70093,2024-09-12T11:06:23.468007+00:00,2024-09-12T11:06:34.528421+00:00,11.060414,hand_hygiene
s2s4,basic,f6f8523b-e71d-4de6-afd2-867549e70093,2024-09-12T11:09:05.768381+00:00,2024-09-12T11:09:13.917228+00:00,8.148847,hand_hygiene
s2s4,basic,f6f8523b-e71d-4de6-afd2-867549e70093,2024-09-12T11:09:33.783240+00:00,2024-09-12T11:10:04.201653+00:00,30.418413,hand_hygiene
s2s4,basic,f6f8523b-e71d-4de6-afd2-867549e70093,2024-09-12T11:11:37.487467+00:00,2024-09-12T11:11:59.462133+00:00,21.974666,hand_hygiene
s2s4,basic,f6f8523b-e71d-4de6-afd2-867549e70093,2024-09-12T11:12:24.620822+00:00,2024-09-12T11:12:31.413355+00:00,6.792533,hand_hygiene
s2s5,basic,f6f8523b-e71d-4de6-afd2-867549e70093,2024-09-12T11:14:34.992793+00:00,2024-09-12T11:14:48.389834+00:00,13.397041,hand_hygiene
s2s5,basic,f6f8523b-e71d-4de6-afd2-867549e70093,2024-09-12T11:15:06.743269+00:00,2024-09-12T11:15:23.068150+00:00,16.324881,hand_hygiene
s2s5,basic,f6f8523b-e71d-4de6-afd2-867549e70093,2024-09-12T11:16:37.148314+00:00,2024-09-12T11:16:51.161397+00:00,14.013083,hand_hygiene
s2s5,basic,f6f8523b-e71d-4de6-afd2-867549e70093,2024-09-12T11:17:06.941221+00:00,2024-09-12T11:17:12.413261+00:00,5.47204,hand_hygiene
s2s6,basic,f6f8523b-e71d-4de6-afd2-867549e70093,2024-09-12T11:19:13.193368+00:00,2024-09-12T11:19:33.946855+00:00,20.753487,hand_hygiene
s2s6,basic,f6f8523b-e71d-4de6-afd2-867549e70093,2024-09-12T11:19:59.399458+00:00,2024-09-12T11:20:58.079205+00:00,58.679747,hand_hygiene
s2s6,basic,f6f8523b-e71d-4de6-afd2-867549e70093,2024-09-12T11:22:22.647324+00:00,2024-09-12T11:22:43.544900+00:00,20.897576,hand_hygiene
s2s6,basic,f6f8523b-e71d-4de6-afd2-867549e70093,2024-09-12T11:23:01.395046+00:00,2024-09-12T11:23:16.775406+00:00,15.38036,hand_hygiene
s2s7,basic,f6f8523b-e71d-4de6-afd2-867549e70093,2024-09-12T11:25:05.040338+00:00,2024-09-12T11:25:27.629095+00:00,22.588757,hand_hygiene
s2s7,basic,f6f8523b-e71d-4de6-afd2-867549e70093,2024-09-12T11:25:47.353593+00:00,2024-09-12T11:26:33.699494+00:00,46.345901,hand_hygiene
s2s7,basic,f6f8523b-e71d-4de6-afd2-867549e70093,2024-09-12T11:27:48.019085+00:00,2024-09-12T11:28:17.282458+00:00,29.263373,hand_hygiene
s2s7,basic,f6f8523b-e71d-4de6-afd2-867549e70093,2024-09-12T11:28:31.004179+00:00,2024-09-12T11:28:50.783601+00:00,19.779422,hand_hygiene
s2s8,basic,f6f8523b-e71d-4de6-afd2-867549e70093,2024-09-12T11:30:30.227636+00:00,2024-09-12T11:30:51.040487+00:00,20.812851,hand_hygiene
s2s8,basic,f6f8523b-e71d-4de6-afd2-867549e70093,2024-09-12T11:31:10.074577+00:00,2024-09-12T11:31:40.616351+00:00,30.541774,hand_hygiene
s2s8,basic,f6f8523b-e71d-4de6-afd2-867549e70093,2024-09-12T11:33:10.442339+00:00,2024-09-12T11:33:25.508227+00:00,15.065888,hand_hygiene
s2s8,basic,f6f8523b-e71d-4de6-afd2-867549e70093,2024-09-12T11:33:42.137850+00:00,2024-09-12T11:33:48.817463+00:00,6.679613,hand_hygiene
s3s1,basic,e66a021e-d174-4859-888b-6284fcd38154,2024-09-12T15:49:57.297215+00:00,2024-09-12T15:50:08.876423+00:00,11.579208,hand_hygiene
s3s1,basic,e66a021e-d174-4859-888b-6284fcd38154,2024-09-12T15:50:30.244081+00:00,2024-09-12T15:50:46.489848+00:00,16.245767,hand_hygiene
s3s1,basic,e66a021e-d174-4859-888b-6284fcd38154,2024-09-12T15:51:40.743869+00:00,2024-09-12T15:52:02.036891+00:00,21.293022,hand_hygiene
s3s1,basic,e66a021e-d174-4859-888b-6284fcd38154,2024-09-12T15:52:27.755456+00:00,2024-09-12T15:52:39.061988+00:00,11.306532,hand_hygiene
s3s1,basic,e66a021e-d174-4859-888b-6284fcd38154,2024-09-12T15:53:53.793674+00:00,2024-09-12T15:54:05.192762+00:00,11.399088,hand_hygiene
s3s1,basic,e66a021e-d174-4859-888b-6284fcd38154,2024-09-12T15:54:25.285899+00:00,2024-09-12T15:54:43.551483+00:00,18.265584,hand_hygiene
s3s1,basic,e66a021e-d174-4859-888b-6284fcd38154,2024-09-12T15:55:16.863516+00:00,2024-09-12T15:55:27.615209+00:00,10.751693,hand_hygiene
s3s1,basic,e66a021e-d174-4859-888b-6284fcd38154,2024-09-12T15:55:41.636144+00:00,2024-09-12T15:55:50.994903+00:00,9.358759,hand_hygiene
s3s2,basic,a9746dcf-1c19-49b5-a991-1825c5a254df,2024-09-12T15:58:42.980590+00:00,2024-09-12T15:58:54.979497+00:00,11.998907,hand_hygiene
s3s2,basic,a9746dcf-1c19-49b5-a991-1825c5a254df,2024-09-12T15:59:08.834882+00:00,2024-09-12T15:59:58.005780+00:00,49.170898,hand_hygiene
s3s2,basic,a9746dcf-1c19-49b5-a991-1825c5a254df,2024-09-12T16:01:16.626811+00:00,2024-09-12T16:01:34.619004+00:00,17.992193,hand_hygiene
s3s2,basic,a9746dcf-1c19-49b5-a991-1825c5a254df,2024-09-12T16:02:02.895166+00:00,2024-09-12T16:02:12.818858+00:00,9.923692,hand_hygiene
s3s3,disturbance,a9746dcf-1c19-49b5-a991-1825c5a254df,2024-09-12T16:04:39.820842+00:00,2024-09-12T16:04:55.871130+00:00,16.050288,hand_hygiene
s3s3,disturbance,a9746dcf-1c19-49b5-a991-1825c5a254df,2024-09-12T16:05:05.287486+00:00,2024-09-12T16:05:23.022429+00:00,17.734943,hand_hygiene
s3s3,disturbance,a9746dcf-1c19-49b5-a991-1825c5a254df,2024-09-12T16:05:33.178926+00:00,2024-09-12T16:06:10.128427+00:00,36.949501,hand_hygiene
s3s3,disturbance,a9746dcf-1c19-49b5-a991-1825c5a254df,2024-09-12T16:07:05.307263+00:00,2024-09-12T16:07:26.510812+00:00,21.203549,hand_hygiene
s3s3,disturbance,a9746dcf-1c19-49b5-a991-1825c5a254df,2024-09-12T16:07:42.579455+00:00,2024-09-12T16:07:55.868890+00:00,13.289435,hand_hygiene
s3s4,disturbance,a9746dcf-1c19-49b5-a991-1825c5a254df,2024-09-12T16:09:47.367165+00:00,2024-09-12T16:09:56.577360+00:00,9.210195,hand_hygiene
s3s4,disturbance,a9746dcf-1c19-49b5-a991-1825c5a254df,2024-09-12T16:10:17.909704+00:00,2024-09-12T16:10:49.231877+00:00,31.322173,hand_hygiene
s3s4,disturbance,a9746dcf-1c19-49b5-a991-1825c5a254df,2024-09-12T16:12:32.984727+00:00,2024-09-12T16:12:50.591593+00:00,17.606866,hand_hygiene
s3s4,disturbance,a9746dcf-1c19-49b5-a991-1825c5a254df,2024-09-12T16:13:04.780829+00:00,2024-09-12T16:13:13.272236+00:00,8.491407,hand_hygiene
s3s4,disturbance,a9746dcf-1c19-49b5-a991-1825c5a254df,2024-09-12T16:13:25.896050+00:00,2024-09-12T16:13:35.299584+00:00,9.403534,hand_hygiene
s3s5,disturbance,a9746dcf-1c19-49b5-a991-1825c5a254df,2024-09-12T16:16:00.165963+00:00,2024-09-12T16:16:18.921651+00:00,18.755688,hand_hygiene
s3s5,disturbance,a9746dcf-1c19-49b5-a991-1825c5a254df,2024-09-12T16:16:33.458423+00:00,2024-09-12T16:16:48.016593+00:00,14.55817,hand_hygiene
s3s5,disturbance,a9746dcf-1c19-49b5-a991-1825c5a254df,2024-09-12T16:16:58.304093+00:00,2024-09-12T16:17:18.708459+00:00,20.404366,hand_hygiene
s3s5,disturbance,a9746dcf-1c19-49b5-a991-1825c5a254df,2024-09-12T16:18:47.623864+00:00,2024-09-12T16:19:09.924934+00:00,22.30107,hand_hygiene
s3s5,disturbance,a9746dcf-1c19-49b5-a991-1825c5a254df,2024-09-12T16:19:26.675974+00:00,2024-09-12T16:19:35.685149+00:00,9.009175,hand_hygiene
s3s6,disturbance,a9746dcf-1c19-49b5-a991-1825c5a254df,2024-09-12T16:21:36.463605+00:00,2024-09-12T16:22:21.428802+00:00,44.965197,hand_hygiene
s3s6,disturbance,a9746dcf-1c19-49b5-a991-1825c5a254df,2024-09-12T16:22:52.014789+00:00,2024-09-12T16:23:29.032959+00:00,37.01817,hand_hygiene
s3s6,disturbance,a9746dcf-1c19-49b5-a991-1825c5a254df,2024-09-12T16:23:41.857019+00:00,2024-09-12T16:25:18.493832+00:00,96.636813,hand_hygiene
s3s6,disturbance,a9746dcf-1c19-49b5-a991-1825c5a254df,2024-09-12T16:26:54.507943+00:00,2024-09-12T16:27:37.102136+00:00,42.594193,hand_hygiene
s3s6,disturbance,a9746dcf-1c19-49b5-a991-1825c5a254df,2024-09-12T16:28:03.445081+00:00,2024-09-12T16:28:44.025879+00:00,40.580798,hand_hygiene
s3s7,basic,a9746dcf-1c19-49b5-a991-1825c5a254df,2024-09-12T16:31:04.560491+00:00,2024-09-12T16:31:31.662366+00:00,27.101875,hand_hygiene
s3s7,basic,a9746dcf-1c19-49b5-a991-1825c5a254df,2024-09-12T16:31:53.289909+00:00,2024-09-12T16:32:43.562762+00:00,50.272853,hand_hygiene
s3s7,basic,a9746dcf-1c19-49b5-a991-1825c5a254df,2024-09-12T16:33:31.624015+00:00,2024-09-12T16:34:10.534068+00:00,38.910053,hand_hygiene
s3s7,basic,a9746dcf-1c19-49b5-a991-1825c5a254df,2024-09-12T16:34:28.854626+00:00,2024-09-12T16:35:26.246284+00:00,57.391658,hand_hygiene
s3s7,basic,a9746dcf-1c19-49b5-a991-1825c5a254df,2024-09-12T16:36:46.325183+00:00,2024-09-12T16:37:19.904424+00:00,33.579241,hand_hygiene
s3s7,basic,a9746dcf-1c19-49b5-a991-1825c5a254df,2024-09-12T16:37:41.634557+00:00,2024-09-12T16:38:24.971591+00:00,43.337034,hand_hygiene
s3s7,basic,a9746dcf-1c19-49b5-a991-1825c5a254df,2024-09-12T16:38:42.574139+00:00,2024-09-12T16:39:18.018055+00:00,35.443916,hand_hygiene
s3s7,basic,a9746dcf-1c19-49b5-a991-1825c5a254df,2024-09-12T16:39:35.935657+00:00,2024-09-12T16:40:01.463029+00:00,25.527372,hand_hygiene
s3s8,disturbance,a9746dcf-1c19-49b5-a991-1825c5a254df,2024-09-12T16:41:43.801660+00:00,2024-09-12T16:42:01.364449+00:00,17.562789,hand_hygiene
s3s8,disturbance,a9746dcf-1c19-49b5-a991-1825c5a254df,2024-09-12T16:42:17.853167+00:00,2024-09-12T16:42:36.125330+00:00,18.272163,hand_hygiene
s3s8,disturbance,a9746dcf-1c19-49b5-a991-1825c5a254df,2024-09-12T16:42:47.434179+00:00,2024-09-12T16:43:28.341387+00:00,40.907208,hand_hygiene
s3s8,disturbance,a9746dcf-1c19-49b5-a991-1825c5a254df,2024-09-12T16:44:43.915755+00:00,2024-09-12T16:45:13.950664+00:00,30.034909,hand_hygiene
s3s8,disturbance,a9746dcf-1c19-49b5-a991-1825c5a254df,2024-09-12T16:45:33.079646+00:00,2024-09-12T16:45:58.825032+00:00,25.745386,hand_hygiene
s4s1,basic,dbfceff6-114c-453f-a3b7-79d374cf23b7,2024-09-13T10:53:48.888211+00:00,2024-09-13T10:54:04.541621+00:00,15.65341,hand_hygiene
s4s1,basic,dbfceff6-114c-453f-a3b7-79d374cf23b7,2024-09-13T10:54:30.922438+00:00,2024-09-13T10:55:03.023760+00:00,32.101322,hand_hygiene
s4s1,basic,dbfceff6-114c-453f-a3b7-79d374cf23b7,2024-09-13T10:56:17.585435+00:00,2024-09-13T10:56:41.775715+00:00,24.19028,hand_hygiene
s4s1,basic,dbfceff6-114c-453f-a3b7-79d374cf23b7,2024-09-13T10:57:05.532905+00:00,2024-09-13T10:57:26.491863+00:00,20.958958,hand_hygiene
s4s2,disturbance,dbfceff6-114c-453f-a3b7-79d374cf23b7,2024-09-13T11:00:00.677487+00:00,2024-09-13T11:00:08.530961+00:00,7.853474,hand_hygiene
s4s2,disturbance,dbfceff6-114c-453f-a3b7-79d374cf23b7,2024-09-13T11:00:17.465381+00:00,2024-09-13T11:00:26.135863+00:00,8.670482,hand_hygiene
s4s2,disturbance,dbfceff6-114c-453f-a3b7-79d374cf23b7,2024-09-13T11:00:34.384152+00:00,2024-09-13T11:00:59.202749+00:00,24.818597,hand_hygiene
s4s2,disturbance,dbfceff6-114c-453f-a3b7-79d374cf23b7,2024-09-13T11:01:52.289623+00:00,2024-09-13T11:02:03.940294+00:00,11.650671,hand_hygiene
s4s2,disturbance,dbfceff6-114c-453f-a3b7-79d374cf23b7,2024-09-13T11:02:15.937874+00:00,2024-09-13T11:02:20.266670+00:00,4.328796,hand_hygiene
s4s3,disturbance,dbfceff6-114c-453f-a3b7-79d374cf23b7,2024-09-13T11:04:06.737881+00:00,2024-09-13T11:04:25.789404+00:00,19.051523,hand_hygiene
s4s3,disturbance,dbfceff6-114c-453f-a3b7-79d374cf23b7,2024-09-13T11:04:35.133467+00:00,2024-09-13T11:04:45.753915+00:00,10.620448,hand_hygiene
s4s3,disturbance,dbfceff6-114c-453f-a3b7-79d374cf23b7,2024-09-13T11:04:53.845793+00:00,2024-09-13T11:05:32.000751+00:00,38.154958,hand_hygiene
s4s3,disturbance,dbfceff6-114c-453f-a3b7-79d374cf23b7,2024-09-13T11:06:27.304738+00:00,2024-09-13T11:06:40.793228+00:00,13.48849,hand_hygiene
s4s3,disturbance,dbfceff6-114c-453f-a3b7-79d374cf23b7,2024-09-13T11:06:56.923149+00:00,2024-09-13T11:07:06.548991+00:00,9.625842,hand_hygiene
s4s4,disturbance,dbfceff6-114c-453f-a3b7-79d374cf23b7,2024-09-13T11:09:12.768654+00:00,2024-09-13T11:09:20.738362+00:00,7.969708,hand_hygiene
s4s4,disturbance,dbfceff6-114c-453f-a3b7-79d374cf23b7,2024-09-13T11:09:35.518526+00:00,2024-09-13T11:09:42.028371+00:00,6.509845,hand_hygiene
s4s4,disturbance,dbfceff6-114c-453f-a3b7-79d374cf23b7,2024-09-13T11:09:55.524385+00:00,2024-09-13T11:10:46.781197+00:00,51.256812,hand_hygiene
s4s4,disturbance,dbfceff6-114c-453f-a3b7-79d374cf23b7,2024-09-13T11:12:07.350985+00:00,2024-09-13T11:12:22.798153+00:00,15.447168,hand_hygiene
s4s4,disturbance,dbfceff6-114c-453f-a3b7-79d374cf23b7,2024-09-13T11:12:45.049721+00:00,2024-09-13T11:12:53.751078+00:00,8.701357,hand_hygiene
s4s5,disturbance,dbfceff6-114c-453f-a3b7-79d374cf23b7,2024-09-13T11:15:46.600552+00:00,2024-09-13T11:15:50.047285+00:00,3.446733,hand_hygiene
s4s5,disturbance,dbfceff6-114c-453f-a3b7-79d374cf23b7,2024-09-13T11:15:55.410464+00:00,2024-09-13T11:15:59.291445+00:00,3.880981,hand_hygiene
s4s5,disturbance,dbfceff6-114c-453f-a3b7-79d374cf23b7,2024-09-13T11:16:17.687393+00:00,2024-09-13T11:16:19.396841+00:00,1.709448,hand_hygiene
s4s5,disturbance,dbfceff6-114c-453f-a3b7-79d374cf23b7,2024-09-13T11:16:35.686373+00:00,2024-09-13T11:17:08.269465+00:00,32.583092,hand_hygiene
s4s5,disturbance,dbfceff6-114c-453f-a3b7-79d374cf23b7,2024-09-13T11:18:36.699656+00:00,2024-09-13T11:18:49.608779+00:00,12.909123,hand_hygiene
s4s5,disturbance,dbfceff6-114c-453f-a3b7-79d374cf23b7,2024-09-13T11:19:02.627301+00:00,2024-09-13T11:19:07.096155+00:00,4.468854,hand_hygiene
s4s6,disturbance,dbfceff6-114c-453f-a3b7-79d374cf23b7,2024-09-13T11:20:57.092838+00:00,2024-09-13T11:21:04.108368+00:00,7.01553,hand_hygiene
s4s6,disturbance,dbfceff6-114c-453f-a3b7-79d374cf23b7,2024-09-13T11:21:18.171216+00:00,2024-09-13T11:21:23.908628+00:00,5.737412,hand_hygiene
s4s6,disturbance,dbfceff6-114c-453f-a3b7-79d374cf23b7,2024-09-13T11:21:32.393844+00:00,2024-09-13T11:21:56.545373+00:00,24.151529,hand_hygiene
s4s6,disturbance,dbfceff6-114c-453f-a3b7-79d374cf23b7,2024-09-13T11:22:59.556414+00:00,2024-09-13T11:23:13.109935+00:00,13.553521,hand_hygiene
s4s6,disturbance,dbfceff6-114c-453f-a3b7-79d374cf23b7,2024-09-13T11:23:29.756355+00:00,2024-09-13T11:23:34.280582+00:00,4.524227,hand_hygiene
s4s7,basic,dbfceff6-114c-453f-a3b7-79d374cf23b7,2024-09-13T11:27:45.090958+00:00,2024-09-13T11:27:52.929396+00:00,7.838438,hand_hygiene
s4s7,basic,dbfceff6-114c-453f-a3b7-79d374cf23b7,2024-09-13T11:28:15.970087+00:00,2024-09-13T11:28:31.696503+00:00,15.726416,hand_hygiene
s4s7,basic,dbfceff6-114c-453f-a3b7-79d374cf23b7,2024-09-13T11:29:21.628962+00:00,2024-09-13T11:29:31.420050+00:00,9.791088,hand_hygiene
s4s7,basic,dbfceff6-114c-453f-a3b7-79d374cf23b7,2024-09-13T11:29:46.409554+00:00,2024-09-13T11:29:57.649511+00:00,11.239957,hand_hygiene
s4s7,basic,dbfceff6-114c-453f-a3b7-79d374cf23b7,2024-09-13T11:31:06.873143+00:00,2024-09-13T11:31:18.019592+00:00,11.146449,hand_hygiene
s4s7,basic,dbfceff6-114c-453f-a3b7-79d374cf23b7,2024-09-13T11:31:43.024300+00:00,2024-09-13T11:31:54.623179+00:00,11.598879,hand_hygiene
s4s7,basic,dbfceff6-114c-453f-a3b7-79d374cf23b7,2024-09-13T11:32:28.969883+00:00,2024-09-13T11:32:43.268126+00:00,14.298243,hand_hygiene
s4s7,basic,dbfceff6-114c-453f-a3b7-79d374cf23b7,2024-09-13T11:32:54.387868+00:00,2024-09-13T11:32:57.678634+00:00,3.290766,hand_hygiene
s4s8,basic,dbfceff6-114c-453f-a3b7-79d374cf23b7,2024-09-13T11:36:42.715291+00:00,2024-09-13T11:36:50.152665+00:00,7.437374,hand_hygiene
s4s8,basic,dbfceff6-114c-453f-a3b7-79d374cf23b7,2024-09-13T11:37:05.019916+00:00,2024-09-13T11:37:23.124793+00:00,18.104877,hand_hygiene
s4s8,basic,dbfceff6-114c-453f-a3b7-79d374cf23b7,2024-09-13T11:38:30.797744+00:00,2024-09-13T11:38:46.228218+00:00,15.430474,hand_hygiene
s4s8,basic,dbfceff6-114c-453f-a3b7-79d374cf23b7,2024-09-13T11:39:00.156562+00:00,2024-09-13T11:39:22.959908+00:00,22.803346,hand_hygiene
s4s8,basic,dbfceff6-114c-453f-a3b7-79d374cf23b7,2024-09-13T11:40:43.564194+00:00,2024-09-13T11:41:03.126603+00:00,19.562409,hand_hygiene
s4s8,basic,dbfceff6-114c-453f-a3b7-79d374cf23b7,2024-09-13T11:41:20.986196+00:00,2024-09-13T11:41:43.720154+00:00,22.733958,hand_hygiene
s4s8,basic,dbfceff6-114c-453f-a3b7-79d374cf23b7,2024-09-13T11:42:16.126784+00:00,2024-09-13T11:42:28.117366+00:00,11.990582,hand_hygiene
s4s8,basic,dbfceff6-114c-453f-a3b7-79d374cf23b7,2024-09-13T11:42:46.117803+00:00,2024-09-13T11:42:51.933907+00:00,5.816104,hand_hygiene
