filename_base,log_type,start_time,end_time,s23xq_weight_before_start,s23xq_weight_after_end,ml_used
s1s1,basic,2024-09-11 15:56:26.929568+00:00,2024-09-11 15:56:33.320994+00:00,0.0,2.0,-2.0
s1s1,basic,2024-09-11 15:57:15.114683+00:00,2024-09-11 15:58:22.076982+00:00,2.0,4.0,-2.0
s1s1,basic,2024-09-11 16:00:05.133422+00:00,2024-09-11 16:00:37.774905+00:00,3.0,2.0,1.0
s1s1,basic,2024-09-11 16:00:55.319446+00:00,2024-09-11 16:01:15.388279+00:00,2.0,3.0,-1.0
s1s2,basic,2024-09-11 16:04:19.526257+00:00,2024-09-11 16:04:29.333264+00:00,0.0,-4.0,4.0
s1s2,basic,2024-09-11 16:05:07.728441+00:00,2024-09-11 16:05:44.835537+00:00,-4.0,-4.0,0.0
s1s2,basic,2024-09-11 16:07:11.886636+00:00,2024-09-11 16:07:27.810830+00:00,-4.0,-8.0,4.0
s1s2,basic,2024-09-11 16:07:49.698672+00:00,2024-09-11 16:07:52.216459+00:00,-7.0,-10.0,3.0
s1s3,basic,2024-09-11 16:09:56.511529+00:00,2024-09-11 16:10:02.422100+00:00,0.0,-3.0,3.0
s1s3,basic,2024-09-11 16:10:18.357562+00:00,2024-09-11 16:10:25.184441+00:00,-4.0,-4.0,0.0
s1s3,basic,2024-09-11 16:11:51.759304+00:00,2024-09-11 16:12:01.282420+00:00,-4.0,-6.0,2.0
s1s3,basic,2024-09-11 16:12:19.916468+00:00,2024-09-11 16:12:22.722718+00:00,-6.0,-4.0,-2.0
s1s4,basic,2024-09-11 16:15:50.087351+00:00,2024-09-11 16:16:02.604569+00:00,0.0,-18.0,18.0
s1s4,basic,2024-09-11 16:16:23.278363+00:00,2024-09-11 16:16:48.965160+00:00,-18.0,-17.0,-1.0
s1s4,basic,2024-09-11 16:18:08.513943+00:00,2024-09-11 16:18:25.708659+00:00,-17.0,-19.0,2.0
s1s4,basic,2024-09-11 16:18:41.589036+00:00,2024-09-11 16:18:51.134105+00:00,-19.0,-15.0,-4.0
s1s5,basic,2024-09-11 16:21:31.898305+00:00,2024-09-11 16:21:43.090197+00:00,1.0,-5.0,6.0
s1s5,basic,2024-09-11 16:22:04.598678+00:00,2024-09-11 16:22:23.797911+00:00,-5.0,-6.0,1.0
s1s5,basic,2024-09-11 16:24:18.166094+00:00,2024-09-11 16:24:35.923117+00:00,-6.0,-4.0,-2.0
s1s5,basic,2024-09-11 16:24:59.945982+00:00,2024-09-11 16:25:06.727942+00:00,-4.0,3.0,-7.0
s1s6,basic,2024-09-11 16:27:13.438417+00:00,2024-09-11 16:27:28.043609+00:00,0.0,-6.0,6.0
s1s6,basic,2024-09-11 16:27:42.839810+00:00,2024-09-11 16:28:23.301325+00:00,-6.0,-11.0,5.0
s1s6,basic,2024-09-11 16:29:31.783187+00:00,2024-09-11 16:29:48.176438+00:00,-11.0,-13.0,2.0
s1s6,basic,2024-09-11 16:30:06.593528+00:00,2024-09-11 16:30:16.148784+00:00,-13.0,-14.0,1.0
s1s7,basic,2024-09-11 16:32:35.340945+00:00,2024-09-11 16:32:46.000446+00:00,0.0,-3.0,3.0
s1s7,basic,2024-09-11 16:33:11.121107+00:00,2024-09-11 16:33:50.549243+00:00,-3.0,-2.0,-1.0
s1s7,basic,2024-09-11 16:35:05.330334+00:00,2024-09-11 16:35:23.118431+00:00,-2.0,-5.0,3.0
s1s7,basic,2024-09-11 16:35:40.088922+00:00,2024-09-11 16:35:44.487809+00:00,-5.0,-5.0,0.0
s1s8,basic,2024-09-11 16:38:25.135656+00:00,2024-09-11 16:38:39.315957+00:00,0.0,-2.0,2.0
s1s8,basic,2024-09-11 16:39:00.795022+00:00,2024-09-11 16:39:41.190521+00:00,-2.0,-4.0,2.0
s1s8,basic,2024-09-11 16:41:18.791562+00:00,2024-09-11 16:41:37.104938+00:00,-4.0,-8.0,4.0
s1s8,basic,2024-09-11 16:42:01.540884+00:00,2024-09-11 16:42:11.850131+00:00,-8.0,-10.0,2.0
s2s1,basic,2024-09-12 10:51:35.331346+00:00,2024-09-12 10:51:52.757602+00:00,1.0,2.0,-1.0
s2s1,basic,2024-09-12 10:52:11.446873+00:00,2024-09-12 10:52:58.850210+00:00,2.0,5.0,-3.0
s2s1,basic,2024-09-12 10:54:29.414721+00:00,2024-09-12 10:54:55.637312+00:00,5.0,1.0,4.0
s2s1,basic,2024-09-12 10:55:13.783363+00:00,2024-09-12 10:55:37.393984+00:00,1.0,1.0,0.0
s2s2,basic,2024-09-12 10:57:58.029712+00:00,2024-09-12 10:58:11.312994+00:00,-1.0,-9.0,8.0
s2s2,basic,2024-09-12 10:58:26.496973+00:00,2024-09-12 10:59:05.416915+00:00,-9.0,5.0,-14.0
s2s2,basic,2024-09-12 11:00:16.107454+00:00,2024-09-12 11:00:37.548621+00:00,5.0,-1.0,6.0
s2s2,basic,2024-09-12 11:00:57.369374+00:00,2024-09-12 11:01:06.044761+00:00,-1.0,2.0,-3.0
s2s3,basic,2024-09-12 11:03:27.803175+00:00,2024-09-12 11:03:39.834245+00:00,0.0,-8.0,8.0
s2s3,basic,2024-09-12 11:03:56.228885+00:00,2024-09-12 11:04:37.406722+00:00,-8.0,-14.0,6.0
s2s3,basic,2024-09-12 11:05:49.716239+00:00,2024-09-12 11:06:09.200229+00:00,-14.0,-5.0,-9.0
s2s3,basic,2024-09-12 11:06:23.468007+00:00,2024-09-12 11:06:34.528421+00:00,-5.0,-7.0,2.0
s2s4,basic,2024-09-12 11:09:05.768381+00:00,2024-09-12 11:09:13.917228+00:00,0.0,3.0,-3.0
s2s4,basic,2024-09-12 11:09:33.783240+00:00,2024-09-12 11:10:04.201653+00:00,3.0,3.0,0.0
s2s4,basic,2024-09-12 11:11:37.487467+00:00,2024-09-12 11:11:59.462133+00:00,3.0,1.0,2.0
s2s4,basic,2024-09-12 11:12:24.620822+00:00,2024-09-12 11:12:31.413355+00:00,1.0,1.0,0.0
s2s5,basic,2024-09-12 11:14:34.992793+00:00,2024-09-12 11:14:48.389834+00:00,1.0,-4.0,5.0
s2s5,basic,2024-09-12 11:15:06.743269+00:00,2024-09-12 11:15:23.068150+00:00,-3.0,-1.0,-2.0
s2s5,basic,2024-09-12 11:16:37.148314+00:00,2024-09-12 11:16:51.161397+00:00,-1.0,-6.0,5.0
s2s5,basic,2024-09-12 11:17:06.941221+00:00,2024-09-12 11:17:12.413261+00:00,-6.0,-6.0,0.0
s2s6,basic,2024-09-12 11:19:13.193368+00:00,2024-09-12 11:19:33.946855+00:00,0.0,1.0,-1.0
s2s6,basic,2024-09-12 11:19:59.399458+00:00,2024-09-12 11:20:58.079205+00:00,1.0,1.0,0.0
s2s6,basic,2024-09-12 11:22:22.647324+00:00,2024-09-12 11:22:43.544900+00:00,1.0,0.0,1.0
s2s6,basic,2024-09-12 11:23:01.395046+00:00,2024-09-12 11:23:16.775406+00:00,0.0,0.0,0.0
s2s7,basic,2024-09-12 11:25:05.040338+00:00,2024-09-12 11:25:27.629095+00:00,0.0,-4.0,4.0
s2s7,basic,2024-09-12 11:25:47.353593+00:00,2024-09-12 11:26:33.699494+00:00,-4.0,-3.0,-1.0
s2s7,basic,2024-09-12 11:27:48.019085+00:00,2024-09-12 11:28:17.282458+00:00,-3.0,-8.0,5.0
s2s7,basic,2024-09-12 11:28:31.004179+00:00,2024-09-12 11:28:50.783601+00:00,-8.0,-5.0,-3.0
s2s8,basic,2024-09-12 11:30:30.227636+00:00,2024-09-12 11:30:51.040487+00:00,0.0,-5.0,5.0
s2s8,basic,2024-09-12 11:31:10.074577+00:00,2024-09-12 11:31:40.616351+00:00,-5.0,-6.0,1.0
s2s8,basic,2024-09-12 11:33:10.442339+00:00,2024-09-12 11:33:25.508227+00:00,-6.0,-1.0,-5.0
s2s8,basic,2024-09-12 11:33:42.137850+00:00,2024-09-12 11:33:48.817463+00:00,-1.0,-3.0,2.0
s3s2,basic,2024-09-12 15:58:42.980590+00:00,2024-09-12 15:58:54.979497+00:00,0.0,0.0,0.0
s3s2,basic,2024-09-12 15:59:08.834882+00:00,2024-09-12 15:59:58.005780+00:00,0.0,1.0,-1.0
s3s2,basic,2024-09-12 16:01:16.626811+00:00,2024-09-12 16:01:34.619004+00:00,1.0,8.0,-7.0
s3s2,basic,2024-09-12 16:02:02.895166+00:00,2024-09-12 16:02:12.818858+00:00,8.0,6.0,2.0
s3s3,disturbance,2024-09-12 16:04:39.820842+00:00,2024-09-12 16:04:55.871130+00:00,0.0,-2.0,2.0
s3s3,disturbance,2024-09-12 16:05:05.287486+00:00,2024-09-12 16:05:23.022429+00:00,-2.0,-1.0,-1.0
s3s3,disturbance,2024-09-12 16:05:33.178926+00:00,2024-09-12 16:06:10.128427+00:00,-2.0,-3.0,1.0
s3s3,disturbance,2024-09-12 16:07:05.307263+00:00,2024-09-12 16:07:26.510812+00:00,-3.0,-9.0,6.0
s3s3,disturbance,2024-09-12 16:07:42.579455+00:00,2024-09-12 16:07:55.868890+00:00,-9.0,-8.0,-1.0
s3s4,disturbance,2024-09-12 16:09:47.367165+00:00,2024-09-12 16:09:56.577360+00:00,0.0,-12.0,12.0
s3s4,disturbance,2024-09-12 16:10:17.909704+00:00,2024-09-12 16:10:49.231877+00:00,-12.0,-14.0,2.0
s3s4,disturbance,2024-09-12 16:12:32.984727+00:00,2024-09-12 16:12:50.591593+00:00,-14.0,-12.0,-2.0
s3s4,disturbance,2024-09-12 16:13:04.780829+00:00,2024-09-12 16:13:13.272236+00:00,-12.0,-16.0,4.0
s3s4,disturbance,2024-09-12 16:13:25.896050+00:00,2024-09-12 16:13:35.299584+00:00,-16.0,-13.0,-3.0
s3s5,disturbance,2024-09-12 16:16:00.165963+00:00,2024-09-12 16:16:18.921651+00:00,0.0,0.0,0.0
s3s5,disturbance,2024-09-12 16:16:33.458423+00:00,2024-09-12 16:16:48.016593+00:00,0.0,1.0,-1.0
s3s5,disturbance,2024-09-12 16:16:58.304093+00:00,2024-09-12 16:17:18.708459+00:00,1.0,-1.0,2.0
s3s5,disturbance,2024-09-12 16:18:47.623864+00:00,2024-09-12 16:19:09.924934+00:00,-1.0,1.0,-2.0
s3s5,disturbance,2024-09-12 16:19:26.675974+00:00,2024-09-12 16:19:35.685149+00:00,0.0,-4.0,4.0
s3s6,disturbance,2024-09-12 16:21:36.463605+00:00,2024-09-12 16:22:21.428802+00:00,1.0,-1.0,2.0
s3s6,disturbance,2024-09-12 16:22:52.014789+00:00,2024-09-12 16:23:29.032959+00:00,-1.0,0.0,-1.0
s3s6,disturbance,2024-09-12 16:23:41.857019+00:00,2024-09-12 16:25:18.493832+00:00,0.0,-5.0,5.0
s3s6,disturbance,2024-09-12 16:26:54.507943+00:00,2024-09-12 16:27:37.102136+00:00,-5.0,-6.0,1.0
s3s6,disturbance,2024-09-12 16:28:03.445081+00:00,2024-09-12 16:28:44.025879+00:00,-6.0,-6.0,0.0
s3s8,disturbance,2024-09-12 16:41:43.801660+00:00,2024-09-12 16:42:01.364449+00:00,0.0,9.0,-9.0
s3s8,disturbance,2024-09-12 16:42:17.853167+00:00,2024-09-12 16:42:36.125330+00:00,8.0,-10.0,18.0
s3s8,disturbance,2024-09-12 16:42:47.434179+00:00,2024-09-12 16:43:28.341387+00:00,-10.0,-14.0,4.0
s3s8,disturbance,2024-09-12 16:44:43.915755+00:00,2024-09-12 16:45:13.950664+00:00,-14.0,-15.0,1.0
s3s8,disturbance,2024-09-12 16:45:33.079646+00:00,2024-09-12 16:45:58.825032+00:00,-15.0,-12.0,-3.0
s4s1,basic,2024-09-13 10:53:48.888211+00:00,2024-09-13 10:54:04.541621+00:00,1.0,-3.0,4.0
s4s1,basic,2024-09-13 10:54:30.922438+00:00,2024-09-13 10:55:03.023760+00:00,-3.0,-5.0,2.0
s4s1,basic,2024-09-13 10:56:17.585435+00:00,2024-09-13 10:56:41.775715+00:00,-5.0,-4.0,-1.0
s4s1,basic,2024-09-13 10:57:05.532905+00:00,2024-09-13 10:57:26.491863+00:00,-4.0,-2.0,-2.0
s4s2,disturbance,2024-09-13 11:00:00.677487+00:00,2024-09-13 11:00:08.530961+00:00,0.0,-1.0,1.0
s4s2,disturbance,2024-09-13 11:00:17.465381+00:00,2024-09-13 11:00:26.135863+00:00,0.0,-2.0,2.0
s4s2,disturbance,2024-09-13 11:00:34.384152+00:00,2024-09-13 11:00:59.202749+00:00,-2.0,-2.0,0.0
s4s2,disturbance,2024-09-13 11:01:52.289623+00:00,2024-09-13 11:02:03.940294+00:00,-2.0,-2.0,0.0
s4s2,disturbance,2024-09-13 11:02:15.937874+00:00,2024-09-13 11:02:20.266670+00:00,-2.0,-5.0,3.0
s4s3,disturbance,2024-09-13 11:04:06.737881+00:00,2024-09-13 11:04:25.789404+00:00,0.0,-5.0,5.0
s4s3,disturbance,2024-09-13 11:04:35.133467+00:00,2024-09-13 11:04:45.753915+00:00,-5.0,-8.0,3.0
s4s3,disturbance,2024-09-13 11:04:53.845793+00:00,2024-09-13 11:05:32.000751+00:00,-8.0,-7.0,-1.0
s4s3,disturbance,2024-09-13 11:06:27.304738+00:00,2024-09-13 11:06:40.793228+00:00,-8.0,-12.0,4.0
s4s3,disturbance,2024-09-13 11:06:56.923149+00:00,2024-09-13 11:07:06.548991+00:00,-12.0,-13.0,1.0
s4s4,disturbance,2024-09-13 11:09:12.768654+00:00,2024-09-13 11:09:20.738362+00:00,0.0,-2.0,2.0
s4s4,disturbance,2024-09-13 11:09:35.518526+00:00,2024-09-13 11:09:42.028371+00:00,-2.0,0.0,-2.0
s4s4,disturbance,2024-09-13 11:09:55.524385+00:00,2024-09-13 11:10:46.781197+00:00,0.0,-7.0,7.0
s4s4,disturbance,2024-09-13 11:12:07.350985+00:00,2024-09-13 11:12:22.798153+00:00,-7.0,-6.0,-1.0
s4s4,disturbance,2024-09-13 11:12:45.049721+00:00,2024-09-13 11:12:53.751078+00:00,-6.0,-5.0,-1.0
s4s5,disturbance,2024-09-13 11:15:46.600552+00:00,2024-09-13 11:15:50.047285+00:00,0.0,-1.0,1.0
s4s5,disturbance,2024-09-13 11:15:55.410464+00:00,2024-09-13 11:15:59.291445+00:00,-1.0,-4.0,3.0
s4s5,disturbance,2024-09-13 11:16:17.687393+00:00,2024-09-13 11:16:19.396841+00:00,-4.0,-4.0,0.0
s4s5,disturbance,2024-09-13 11:16:35.686373+00:00,2024-09-13 11:17:08.269465+00:00,-4.0,1.0,-5.0
s4s5,disturbance,2024-09-13 11:18:36.699656+00:00,2024-09-13 11:18:49.608779+00:00,1.0,-2.0,3.0
s4s5,disturbance,2024-09-13 11:19:02.627301+00:00,2024-09-13 11:19:07.096155+00:00,-2.0,-2.0,0.0
s4s6,disturbance,2024-09-13 11:20:57.092838+00:00,2024-09-13 11:21:04.108368+00:00,0.0,-1.0,1.0
s4s6,disturbance,2024-09-13 11:21:18.171216+00:00,2024-09-13 11:21:23.908628+00:00,-1.0,11.0,-12.0
s4s6,disturbance,2024-09-13 11:21:32.393844+00:00,2024-09-13 11:21:56.545373+00:00,11.0,16.0,-5.0
s4s6,disturbance,2024-09-13 11:22:59.556414+00:00,2024-09-13 11:23:13.109935+00:00,16.0,15.0,1.0
s4s6,disturbance,2024-09-13 11:23:29.756355+00:00,2024-09-13 11:23:34.280582+00:00,15.0,9.0,6.0
s3s1,two_patients,2024-09-12 15:49:57.297215+00:00,2024-09-12 15:50:08.876423+00:00,0.0,-7.0,7.0
s3s1,two_patients,2024-09-12 15:50:30.244081+00:00,2024-09-12 15:50:46.489848+00:00,-7.0,-3.0,-4.0
s3s1,two_patients,2024-09-12 15:51:40.743869+00:00,2024-09-12 15:52:02.036891+00:00,-3.0,-3.0,0.0
s3s1,two_patients,2024-09-12 15:52:27.755456+00:00,2024-09-12 15:52:39.061988+00:00,-3.0,-3.0,0.0
s3s1,two_patients,2024-09-12 15:53:53.793674+00:00,2024-09-12 15:54:05.192762+00:00,-3.0,-5.0,2.0
s3s1,two_patients,2024-09-12 15:54:25.285899+00:00,2024-09-12 15:54:43.551483+00:00,-5.0,-5.0,0.0
s3s1,two_patients,2024-09-12 15:55:16.863516+00:00,2024-09-12 15:55:27.615209+00:00,-5.0,-4.0,-1.0
s3s1,two_patients,2024-09-12 15:55:41.636144+00:00,2024-09-12 15:55:50.994903+00:00,-4.0,-2.0,-2.0
s3s7,two_patients,2024-09-12 16:31:04.560491+00:00,2024-09-12 16:31:31.662366+00:00,0.0,-3.0,3.0
s3s7,two_patients,2024-09-12 16:31:53.289909+00:00,2024-09-12 16:32:43.562762+00:00,-3.0,-7.0,4.0
s3s7,two_patients,2024-09-12 16:33:31.624015+00:00,2024-09-12 16:34:10.534068+00:00,-7.0,-9.0,2.0
s3s7,two_patients,2024-09-12 16:34:28.854626+00:00,2024-09-12 16:35:26.246284+00:00,-9.0,-15.0,6.0
s3s7,two_patients,2024-09-12 16:36:46.325183+00:00,2024-09-12 16:37:19.904424+00:00,-15.0,-18.0,3.0
s3s7,two_patients,2024-09-12 16:37:41.634557+00:00,2024-09-12 16:38:24.971591+00:00,-18.0,-22.0,4.0
s3s7,two_patients,2024-09-12 16:38:42.574139+00:00,2024-09-12 16:39:18.018055+00:00,-22.0,-24.0,2.0
s3s7,two_patients,2024-09-12 16:39:35.935657+00:00,2024-09-12 16:40:01.463029+00:00,-24.0,-24.0,0.0
s4s7,two_patients,2024-09-13 11:27:45.090958+00:00,2024-09-13 11:27:52.929396+00:00,0.0,-3.0,3.0
s4s7,two_patients,2024-09-13 11:28:15.970087+00:00,2024-09-13 11:28:31.696503+00:00,-3.0,-7.0,4.0
s4s7,two_patients,2024-09-13 11:29:21.628962+00:00,2024-09-13 11:29:31.420050+00:00,-7.0,-9.0,2.0
s4s7,two_patients,2024-09-13 11:29:46.409554+00:00,2024-09-13 11:29:57.649511+00:00,-9.0,-9.0,0.0
s4s7,two_patients,2024-09-13 11:31:06.873143+00:00,2024-09-13 11:31:18.019592+00:00,-9.0,-8.0,-1.0
s4s7,two_patients,2024-09-13 11:31:43.024300+00:00,2024-09-13 11:31:54.623179+00:00,-8.0,-6.0,-2.0
s4s7,two_patients,2024-09-13 11:32:28.969883+00:00,2024-09-13 11:32:43.268126+00:00,-6.0,2.0,-8.0
s4s7,two_patients,2024-09-13 11:32:54.387868+00:00,2024-09-13 11:32:57.678634+00:00,2.0,1.0,1.0
s4s8,two_patients,2024-09-13 11:36:42.715291+00:00,2024-09-13 11:36:50.152665+00:00,0.0,-18.0,18.0
s4s8,two_patients,2024-09-13 11:37:05.019916+00:00,2024-09-13 11:37:23.124793+00:00,-18.0,-19.0,1.0
s4s8,two_patients,2024-09-13 11:38:30.797744+00:00,2024-09-13 11:38:46.228218+00:00,-19.0,-32.0,13.0
s4s8,two_patients,2024-09-13 11:39:00.156562+00:00,2024-09-13 11:39:22.959908+00:00,-32.0,-31.0,-1.0
s4s8,two_patients,2024-09-13 11:40:43.564194+00:00,2024-09-13 11:41:03.126603+00:00,-32.0,-30.0,-2.0
s4s8,two_patients,2024-09-13 11:41:20.986196+00:00,2024-09-13 11:41:43.720154+00:00,-30.0,-33.0,3.0
s4s8,two_patients,2024-09-13 11:42:16.126784+00:00,2024-09-13 11:42:28.117366+00:00,-34.0,-31.0,-3.0
s4s8,two_patients,2024-09-13 11:42:46.117803+00:00,2024-09-13 11:42:51.933907+00:00,-31.0,-20.0,-11.0
