case_id,decision_index,decision_time,trace_type,previous_activity,seconds_since_previous_event,disturbance,nfc_status,hygiene_station_presence_proxy,load_cell_observed,historical_policy_propensity,action_observed,action_factual,y0_safety_risk,y1_safety_risk,y0_process_delay_seconds,y1_process_delay_seconds,y0_resource_units,y1_resource_units,y0_utility,y1_utility,true_ite_utility,factual_utility,counterfactual_source
s1s1,0,2024-09-11T15:56:26.929568+00:00,basic,HCW check-in,2.650222,0,0.0,0.0,0.0,0.55,1,1,1.15,0.705,0.0,20.091134,0.0,1.0,-1.15,-1.156823,-0.006823,-1.156823,structural_potential_outcomes_v1
s1s1,1,2024-09-11T15:57:15.114683+00:00,basic,Apply tourniquet,1.36219,0,0.0,0.0,2.0,0.55,1,1,1.55,0.985,0.0,20.091134,0.0,1.0,-1.55,-1.436823,0.113177,-1.436823,structural_potential_outcomes_v1
s1s1,2,2024-09-11T16:00:05.133422+00:00,basic,Remove needle,3.933733,0,0.0,0.799333,4.0,0.629933,1,1,1.8301,1.18107,0.0,20.091134,0.0,1.0,-1.8301,-1.632893,0.197207,-1.632893,structural_potential_outcomes_v1
s1s1,3,2024-09-11T16:00:55.319446+00:00,basic,Take out samples,2.547276,0,0.0,0.846,2.0,0.6346,1,0,1.0231,0.61617,0.0,20.091134,0.0,1.0,-1.0231,-1.067993,-0.044893,-1.0231,structural_potential_outcomes_v1
s1s2,4,2024-09-11T16:04:19.526257+00:00,basic,HCW check-in,2.701639,0,0.0,0.827333,0.0,0.632733,1,0,1.0259,0.61813,0.0,20.091134,0.0,1.0,-1.0259,-1.069953,-0.044053,-1.0259,structural_potential_outcomes_v1
s1s2,5,2024-09-11T16:05:07.728441+00:00,basic,Apply tourniquet,6.104186,0,0.0,0.839333,-4.0,0.633933,1,0,1.4241,0.89687,0.0,20.091134,0.0,1.0,-1.4241,-1.348693,0.075407,-1.4241,structural_potential_outcomes_v1
s1s2,6,2024-09-11T16:07:11.886636+00:00,basic,Remove needle,3.128853,0,0.0,0.179333,-4.0,0.567933,1,1,1.9231,1.24617,0.0,20.091134,0.0,1.0,-1.9231,-1.697993,0.225107,-1.697993,structural_potential_outcomes_v1
s1s2,7,2024-09-11T16:07:49.698672+00:00,basic,Take out samples,5.913526,0,0.0,0.534,-10.0,0.6034,1,1,1.0699,0.64893,0.0,20.091134,0.0,1.0,-1.0699,-1.100753,-0.030853,-1.100753,structural_potential_outcomes_v1
s1s3,8,2024-09-11T16:09:56.511529+00:00,basic,HCW check-in,2.617204,0,0.0,0.555333,0.0,0.605533,1,1,1.0667,0.64669,0.0,20.091134,0.0,1.0,-1.0667,-1.098513,-0.031813,-1.098513,structural_potential_outcomes_v1
s1s3,9,2024-09-11T16:10:18.357562+00:00,basic,Apply tourniquet,1.840369,0,0.0,0.0,-4.0,0.55,1,1,1.55,0.985,0.0,20.091134,0.0,1.0,-1.55,-1.436823,0.113177,-1.436823,structural_potential_outcomes_v1
s1s3,10,2024-09-11T16:11:51.759304+00:00,basic,Remove needle,3.878908,0,0.0,0.0,-4.0,0.55,1,0,1.95,1.265,0.0,20.091134,0.0,1.0,-1.95,-1.716823,0.233177,-1.95,structural_potential_outcomes_v1
s1s3,11,2024-09-11T16:12:19.916468+00:00,basic,Take out samples,4.375051,0,0.0,0.0,-5.0,0.55,1,0,1.15,0.705,0.0,20.091134,0.0,1.0,-1.15,-1.156823,-0.006823,-1.15,structural_potential_outcomes_v1
s1s4,12,2024-09-11T16:15:50.087351+00:00,basic,HCW check-in,1.321556,0,0.0,0.740667,0.0,0.624067,1,1,1.0389,0.62723,0.0,20.091134,0.0,1.0,-1.0389,-1.079053,-0.040153,-1.079053,structural_potential_outcomes_v1
s1s4,13,2024-09-11T16:16:23.278363+00:00,basic,Apply tourniquet,1.987565,0,0.0,0.709333,-17.0,0.620933,1,1,1.4436,0.91052,0.0,20.091134,0.0,1.0,-1.4436,-1.362343,0.081257,-1.362343,structural_potential_outcomes_v1
s1s4,14,2024-09-11T16:18:08.513943+00:00,basic,Remove needle,3.48587,0,0.0,0.156667,-17.0,0.565667,1,1,1.9265,1.24855,0.0,20.091134,0.0,1.0,-1.9265,-1.700373,0.226127,-1.700373,structural_potential_outcomes_v1
s1s4,15,2024-09-11T16:18:41.589036+00:00,basic,Take out samples,2.850541,0,0.0,0.0,-19.0,0.55,1,0,1.15,0.705,0.0,20.091134,0.0,1.0,-1.15,-1.156823,-0.006823,-1.15,structural_potential_outcomes_v1
s1s5,16,2024-09-11T16:21:31.898305+00:00,basic,HCW check-in,3.096267,0,0.0,0.537333,1.0,0.603733,1,1,1.0694,0.64858,0.0,20.091134,0.0,1.0,-1.0694,-1.100403,-0.031003,-1.100403,structural_potential_outcomes_v1
s1s5,17,2024-09-11T16:22:04.598678+00:00,basic,Apply tourniquet,2.660045,0,0.0,0.0,-5.0,0.55,1,0,1.55,0.985,0.0,20.091134,0.0,1.0,-1.55,-1.436823,0.113177,-1.55,structural_potential_outcomes_v1
s1s5,18,2024-09-11T16:24:18.166094+00:00,basic,Remove needle,3.722778,0,0.0,0.422,-6.0,0.5922,1,0,1.8867,1.22069,0.0,20.091134,0.0,1.0,-1.8867,-1.672513,0.214187,-1.8867,structural_potential_outcomes_v1
s1s5,19,2024-09-11T16:24:59.945982+00:00,basic,Take out samples,3.553826,0,0.0,0.0,-4.0,0.55,1,1,1.15,0.705,0.0,20.091134,0.0,1.0,-1.15,-1.156823,-0.006823,-1.156823,structural_potential_outcomes_v1
s1s6,20,2024-09-11T16:27:13.438417+00:00,basic,HCW check-in,2.560194,0,0.0,0.759333,0.0,0.625933,1,1,1.0361,0.62527,0.0,20.091134,0.0,1.0,-1.0361,-1.077093,-0.040993,-1.077093,structural_potential_outcomes_v1
s1s6,21,2024-09-11T16:27:42.839810+00:00,basic,Apply tourniquet,3.883957,0,0.0,0.744667,1161.0,0.624467,1,0,1.4383,0.90681,0.0,20.091134,0.0,1.0,-1.4383,-1.358633,0.079667,-1.4383,structural_potential_outcomes_v1
s1s6,22,2024-09-11T16:29:31.783187+00:00,basic,Remove needle,1.681492,0,0.0,0.79,-11.0,0.629,1,1,1.8315,1.18205,0.0,20.091134,0.0,1.0,-1.8315,-1.633873,0.197627,-1.633873,structural_potential_outcomes_v1
s1s6,23,2024-09-11T16:30:06.593528+00:00,basic,Take out samples,1.755926,0,0.0,0.698667,-13.0,0.619867,1,0,1.0452,0.63164,0.0,20.091134,0.0,1.0,-1.0452,-1.083463,-0.038263,-1.0452,structural_potential_outcomes_v1
s1s7,24,2024-09-11T16:32:35.340945+00:00,basic,HCW check-in,2.665889,0,0.0,0.0,0.0,0.55,1,0,1.15,0.705,0.0,20.091134,0.0,1.0,-1.15,-1.156823,-0.006823,-1.15,structural_potential_outcomes_v1
s1s7,25,2024-09-11T16:33:11.121107+00:00,basic,Apply tourniquet,1.727537,0,0.0,0.0,-3.0,0.55,1,1,1.55,0.985,0.0,20.091134,0.0,1.0,-1.55,-1.436823,0.113177,-1.436823,structural_potential_outcomes_v1
s1s7,26,2024-09-11T16:35:05.330334+00:00,basic,Remove needle,5.449334,0,0.0,0.0,-2.0,0.55,1,1,1.95,1.265,0.0,20.091134,0.0,1.0,-1.95,-1.716823,0.233177,-1.716823,structural_potential_outcomes_v1
s1s7,27,2024-09-11T16:35:40.088922+00:00,basic,Take out samples,3.365418,0,0.0,0.755333,1729.0,0.625533,1,1,1.0367,0.62569,0.0,20.091134,0.0,1.0,-1.0367,-1.077513,-0.040813,-1.077513,structural_potential_outcomes_v1
s1s8,28,2024-09-11T16:38:25.135656+00:00,basic,HCW check-in,3.856025,0,0.0,0.0,0.0,0.55,1,1,1.15,0.705,0.0,20.091134,0.0,1.0,-1.15,-1.156823,-0.006823,-1.156823,structural_potential_outcomes_v1
s1s8,29,2024-09-11T16:39:00.795022+00:00,basic,Apply tourniquet,3.709128,0,0.0,0.0,-2.0,0.55,1,0,1.55,0.985,0.0,20.091134,0.0,1.0,-1.55,-1.436823,0.113177,-1.55,structural_potential_outcomes_v1
s1s8,30,2024-09-11T16:41:18.791562+00:00,basic,Remove needle,4.134416,0,0.0,0.0,-4.0,0.55,1,1,1.95,1.265,0.0,20.091134,0.0,1.0,-1.95,-1.716823,0.233177,-1.716823,structural_potential_outcomes_v1
s1s8,31,2024-09-11T16:42:01.540884+00:00,basic,Take out samples,5.176081,0,0.0,0.638667,-10.0,0.613867,1,1,1.0542,0.63794,0.0,20.091134,0.0,1.0,-1.0542,-1.089763,-0.035563,-1.089763,structural_potential_outcomes_v1
s2s1,32,2024-09-12T10:51:35.331346+00:00,basic,HCW check-in,1.028649,0,0.0,0.806667,1.0,0.630667,1,0,1.029,0.6203,0.0,20.091134,0.0,1.0,-1.029,-1.072123,-0.043123,-1.029,structural_potential_outcomes_v1
s2s1,33,2024-09-12T10:52:11.446873+00:00,basic,Apply tourniquet,2.490269,0,0.0,0.83,2.0,0.633,1,1,1.4255,0.89785,0.0,20.091134,0.0,1.0,-1.4255,-1.349673,0.075827,-1.349673,structural_potential_outcomes_v1
s2s1,34,2024-09-12T10:54:29.414721+00:00,basic,Remove needle,3.140276,0,0.0,0.0,5.0,0.55,1,0,1.95,1.265,0.0,20.091134,0.0,1.0,-1.95,-1.716823,0.233177,-1.95,structural_potential_outcomes_v1
s2s1,35,2024-09-12T10:55:13.783363+00:00,basic,Take out samples,1.206846,0,0.0,0.642667,1.0,0.614267,1,1,1.0536,0.63752,0.0,20.091134,0.0,1.0,-1.0536,-1.089343,-0.035743,-1.089343,structural_potential_outcomes_v1
s2s2,36,2024-09-12T10:57:58.029712+00:00,basic,HCW check-in,2.247054,0,0.0,0.509333,348.0,0.600933,1,1,1.0736,0.65152,0.0,20.091134,0.0,1.0,-1.0736,-1.103343,-0.029743,-1.103343,structural_potential_outcomes_v1
s2s2,37,2024-09-12T10:58:26.496973+00:00,basic,Apply tourniquet,3.426213,0,0.0,0.0,-9.0,0.55,1,1,1.55,0.985,0.0,20.091134,0.0,1.0,-1.55,-1.436823,0.113177,-1.436823,structural_potential_outcomes_v1
s2s2,38,2024-09-12T11:00:16.107454+00:00,basic,Remove needle,5.001437,0,0.0,0.0,5.0,0.55,1,1,1.95,1.265,0.0,20.091134,0.0,1.0,-1.95,-1.716823,0.233177,-1.716823,structural_potential_outcomes_v1
s2s2,39,2024-09-12T11:00:57.369374+00:00,basic,Take out samples,4.698892,0,0.0,0.0,-1.0,0.55,1,1,1.15,0.705,0.0,20.091134,0.0,1.0,-1.15,-1.156823,-0.006823,-1.156823,structural_potential_outcomes_v1
s2s3,40,2024-09-12T11:03:27.803175+00:00,basic,HCW check-in,1.235483,0,0.0,0.0,1.0,0.55,1,1,1.15,0.705,0.0,20.091134,0.0,1.0,-1.15,-1.156823,-0.006823,-1.156823,structural_potential_outcomes_v1
s2s3,41,2024-09-12T11:03:56.228885+00:00,basic,Apply tourniquet,1.326653,0,0.0,0.807333,-7.0,0.630733,1,1,1.4289,0.90023,0.0,20.091134,0.0,1.0,-1.4289,-1.352053,0.076847,-1.352053,structural_potential_outcomes_v1
s2s3,42,2024-09-12T11:05:49.716239+00:00,basic,Remove needle,1.876733,0,0.0,0.45,-14.0,0.595,1,1,1.8825,1.21775,0.0,20.091134,0.0,1.0,-1.8825,-1.669573,0.212927,-1.669573,structural_potential_outcomes_v1
s2s3,43,2024-09-12T11:06:23.468007+00:00,basic,Take out samples,1.657998,0,0.0,0.626,-5.0,0.6126,1,1,1.0561,0.63927,0.0,20.091134,0.0,1.0,-1.0561,-1.091093,-0.034993,-1.091093,structural_potential_outcomes_v1
s2s4,44,2024-09-12T11:09:05.768381+00:00,basic,HCW check-in,1.086214,0,0.0,0.0,0.0,0.55,1,0,1.15,0.705,0.0,20.091134,0.0,1.0,-1.15,-1.156823,-0.006823,-1.15,structural_potential_outcomes_v1
s2s4,45,2024-09-12T11:09:33.783240+00:00,basic,Apply tourniquet,3.287757,0,0.0,0.0,43.0,0.55,1,0,1.55,0.985,0.0,20.091134,0.0,1.0,-1.55,-1.436823,0.113177,-1.55,structural_potential_outcomes_v1
s2s4,46,2024-09-12T11:11:37.487467+00:00,basic,Remove needle,0.925364,0,0.0,0.0,3.0,0.55,1,1,1.95,1.265,0.0,20.091134,0.0,1.0,-1.95,-1.716823,0.233177,-1.716823,structural_potential_outcomes_v1
s2s4,47,2024-09-12T11:12:24.620822+00:00,basic,Take out samples,3.00042,0,0.0,0.0,1.0,0.55,1,0,1.15,0.705,0.0,20.091134,0.0,1.0,-1.15,-1.156823,-0.006823,-1.15,structural_potential_outcomes_v1
s2s5,48,2024-09-12T11:14:34.992793+00:00,basic,HCW check-in,0.885957,0,0.0,0.0,43.0,0.55,1,0,1.15,0.705,0.0,20.091134,0.0,1.0,-1.15,-1.156823,-0.006823,-1.15,structural_potential_outcomes_v1
s2s5,49,2024-09-12T11:15:06.743269+00:00,basic,Apply tourniquet,1.490584,0,0.0,0.0,-3.0,0.55,1,1,1.55,0.985,0.0,20.091134,0.0,1.0,-1.55,-1.436823,0.113177,-1.436823,structural_potential_outcomes_v1
s2s5,50,2024-09-12T11:16:37.148314+00:00,basic,Remove needle,4.085256,0,0.0,0.0,-1.0,0.55,1,1,1.95,1.265,0.0,20.091134,0.0,1.0,-1.95,-1.716823,0.233177,-1.716823,structural_potential_outcomes_v1
s2s5,51,2024-09-12T11:17:06.941221+00:00,basic,Take out samples,0.862967,0,0.0,0.33,-6.0,0.583,1,0,1.1005,0.67035,0.0,20.091134,0.0,1.0,-1.1005,-1.122173,-0.021673,-1.1005,structural_potential_outcomes_v1
s2s6,52,2024-09-12T11:19:13.193368+00:00,basic,HCW check-in,0.962926,0,0.0,0.0,0.0,0.55,1,0,1.15,0.705,0.0,20.091134,0.0,1.0,-1.15,-1.156823,-0.006823,-1.15,structural_potential_outcomes_v1
s2s6,53,2024-09-12T11:19:59.399458+00:00,basic,Apply tourniquet,0.694857,0,0.0,0.0,1.0,0.55,1,1,1.55,0.985,0.0,20.091134,0.0,1.0,-1.55,-1.436823,0.113177,-1.436823,structural_potential_outcomes_v1
s2s6,54,2024-09-12T11:22:22.647324+00:00,basic,Remove needle,1.786451,0,0.0,0.0,1.0,0.55,1,0,1.95,1.265,0.0,20.091134,0.0,1.0,-1.95,-1.716823,0.233177,-1.95,structural_potential_outcomes_v1
s2s6,55,2024-09-12T11:23:01.395046+00:00,basic,Take out samples,2.853925,0,0.0,0.0,0.0,0.55,1,1,1.15,0.705,0.0,20.091134,0.0,1.0,-1.15,-1.156823,-0.006823,-1.156823,structural_potential_outcomes_v1
s2s7,56,2024-09-12T11:25:05.040338+00:00,basic,HCW check-in,0.787869,0,0.0,0.858667,-1.0,0.635867,1,0,1.0212,0.61484,0.0,20.091134,0.0,1.0,-1.0212,-1.066663,-0.045463,-1.0212,structural_potential_outcomes_v1
s2s7,57,2024-09-12T11:25:47.353593+00:00,basic,Apply tourniquet,1.628711,0,0.0,0.837333,-4.0,0.633733,1,1,1.4244,0.89708,0.0,20.091134,0.0,1.0,-1.4244,-1.348903,0.075497,-1.348903,structural_potential_outcomes_v1
s2s7,58,2024-09-12T11:27:48.019085+00:00,basic,Remove needle,3.226891,0,0.0,0.744667,-3.0,0.624467,1,0,1.8383,1.18681,0.0,20.091134,0.0,1.0,-1.8383,-1.638633,0.199667,-1.8383,structural_potential_outcomes_v1
s2s7,59,2024-09-12T11:28:31.004179+00:00,basic,Take out samples,1.769792,0,0.0,0.713333,-8.0,0.621333,1,1,1.043,0.6301,0.0,20.091134,0.0,1.0,-1.043,-1.081923,-0.038923,-1.081923,structural_potential_outcomes_v1
s2s8,60,2024-09-12T11:30:30.227636+00:00,basic,HCW check-in,2.353619,0,0.0,0.804,0.0,0.6304,1,1,1.0294,0.62058,0.0,20.091134,0.0,1.0,-1.0294,-1.072403,-0.043003,-1.072403,structural_potential_outcomes_v1
s2s8,61,2024-09-12T11:31:10.074577+00:00,basic,Apply tourniquet,2.16371,0,0.0,0.733333,-5.0,0.623333,1,1,1.44,0.908,0.0,20.091134,0.0,1.0,-1.44,-1.359823,0.080177,-1.359823,structural_potential_outcomes_v1
s2s8,62,2024-09-12T11:33:10.442339+00:00,basic,Remove needle,1.967775,0,0.0,0.728,-6.0,0.6228,1,0,1.8408,1.18856,0.0,20.091134,0.0,1.0,-1.8408,-1.640383,0.200417,-1.8408,structural_potential_outcomes_v1
s2s8,63,2024-09-12T11:33:42.137850+00:00,basic,Take out samples,2.56549,0,0.0,0.756667,-1.0,0.625667,1,1,1.0365,0.62555,0.0,20.091134,0.0,1.0,-1.0365,-1.077373,-0.040873,-1.077373,structural_potential_outcomes_v1
s3s1,64,2024-09-12T15:49:57.297215+00:00,basic,HCW check-in,5.714116,0,0.0,0.0,0.0,0.55,1,1,1.15,0.705,0.0,20.091134,0.0,1.0,-1.15,-1.156823,-0.006823,-1.156823,structural_potential_outcomes_v1
s3s1,65,2024-09-12T15:50:30.244081+00:00,basic,Apply tourniquet,4.300143,0,0.0,0.671333,-7.0,0.617133,1,1,1.4493,0.91451,0.0,20.091134,0.0,1.0,-1.4493,-1.366333,0.082967,-1.366333,structural_potential_outcomes_v1
s3s1,66,2024-09-12T15:51:40.743869+00:00,basic,Start blood drawing machine,8.324679,0,0.0,0.0,-3.0,0.55,1,1,1.15,0.705,0.0,20.091134,0.0,1.0,-1.15,-1.156823,-0.006823,-1.156823,structural_potential_outcomes_v1
s3s1,67,2024-09-12T15:52:27.755456+00:00,basic,Apply tourniquet,8.636747,0,0.0,0.706667,-3.0,0.620667,1,0,1.444,0.9108,0.0,20.091134,0.0,1.0,-1.444,-1.362623,0.081377,-1.444,structural_potential_outcomes_v1
s3s1,68,2024-09-12T15:53:53.793674+00:00,basic,Remove needle,3.445702,0,0.0,0.761333,-3.0,0.626133,1,0,1.8358,1.18506,0.0,20.091134,0.0,1.0,-1.8358,-1.636883,0.198917,-1.8358,structural_potential_outcomes_v1
s3s1,69,2024-09-12T15:54:25.285899+00:00,basic,Take out samples,7.682853,0,0.0,0.0,-5.0,0.55,1,0,1.15,0.705,0.0,20.091134,0.0,1.0,-1.15,-1.156823,-0.006823,-1.15,structural_potential_outcomes_v1
s3s1,70,2024-09-12T15:55:16.863516+00:00,basic,Remove needle,7.630226,0,0.0,0.484667,-5.0,0.598467,1,1,1.8773,1.21411,0.0,20.091134,0.0,1.0,-1.8773,-1.665933,0.211367,-1.665933,structural_potential_outcomes_v1
s3s1,71,2024-09-12T15:55:41.636144+00:00,basic,Take out samples,5.595989,0,0.0,0.538667,-4.0,0.603867,1,0,1.0692,0.64844,0.0,20.091134,0.0,1.0,-1.0692,-1.100263,-0.031063,-1.0692,structural_potential_outcomes_v1
s3s2,72,2024-09-12T15:58:42.980590+00:00,basic,HCW check-in,2.00127,0,0.0,0.0,-1.0,0.55,1,0,1.15,0.705,0.0,20.091134,0.0,1.0,-1.15,-1.156823,-0.006823,-1.15,structural_potential_outcomes_v1
s3s2,73,2024-09-12T15:59:08.834882+00:00,basic,Apply tourniquet,1.414681,0,0.0,0.0,0.0,0.55,1,1,1.55,0.985,0.0,20.091134,0.0,1.0,-1.55,-1.436823,0.113177,-1.436823,structural_potential_outcomes_v1
s3s2,74,2024-09-12T16:01:16.626811+00:00,basic,Remove needle,4.744619,0,0.0,0.0,1.0,0.55,1,1,1.95,1.265,0.0,20.091134,0.0,1.0,-1.95,-1.716823,0.233177,-1.716823,structural_potential_outcomes_v1
s3s2,75,2024-09-12T16:02:02.895166+00:00,basic,Take out samples,1.029617,0,0.0,0.0,8.0,0.55,1,1,1.15,0.705,0.0,20.091134,0.0,1.0,-1.15,-1.156823,-0.006823,-1.156823,structural_potential_outcomes_v1
s3s3,76,2024-09-12T16:04:39.820842+00:00,disturbance,HCW check-in,1.252421,1,0.0,0.0,0.0,0.7,1,1,1.95,1.115,0.0,19.857581,0.0,1.25,-1.95,-1.574652,0.375348,-1.574652,structural_potential_outcomes_v1
s3s3,77,2024-09-12T16:05:05.287486+00:00,disturbance,Disturbance,1.359064,1,0.0,0.0,-2.0,0.7,1,1,1.95,1.115,0.0,19.857581,0.0,1.25,-1.95,-1.574652,0.375348,-1.574652,structural_potential_outcomes_v1
s3s3,78,2024-09-12T16:05:33.178926+00:00,disturbance,Apply tourniquet,1.001304,1,0.0,0.818667,-2.0,0.781867,1,1,2.2272,1.30904,0.0,19.857581,0.0,1.25,-2.2272,-1.768692,0.458508,-1.768692,structural_potential_outcomes_v1
s3s3,79,2024-09-12T16:07:05.307263+00:00,disturbance,Remove needle,3.464956,1,0.0,0.756667,-3.0,0.775667,1,0,2.6365,1.59555,0.0,19.857581,0.0,1.25,-2.6365,-2.055202,0.581298,-2.6365,structural_potential_outcomes_v1
s3s3,80,2024-09-12T16:07:42.579455+00:00,disturbance,Take out samples,1.274379,1,0.0,0.0,-9.0,0.7,1,1,1.95,1.115,0.0,19.857581,0.0,1.25,-1.95,-1.574652,0.375348,-1.574652,structural_potential_outcomes_v1
s3s4,81,2024-09-12T16:09:47.367165+00:00,disturbance,HCW check-in,1.343663,1,0.0,0.0,0.0,0.7,1,0,1.95,1.115,0.0,19.857581,0.0,1.25,-1.95,-1.574652,0.375348,-1.95,structural_potential_outcomes_v1
s3s4,82,2024-09-12T16:10:17.909704+00:00,disturbance,Apply tourniquet,0.860972,1,0.0,0.843333,405.0,0.784333,1,1,2.2235,1.30645,0.0,19.857581,0.0,1.25,-2.2235,-1.766102,0.457398,-1.766102,structural_potential_outcomes_v1
s3s4,83,2024-09-12T16:12:32.984727+00:00,disturbance,Remove needle,3.299383,1,0.0,0.671333,-14.0,0.767133,1,1,2.6493,1.60451,0.0,19.857581,0.0,1.25,-2.6493,-2.064162,0.585138,-2.064162,structural_potential_outcomes_v1
s3s4,84,2024-09-12T16:13:04.780829+00:00,disturbance,Disturbance,1.892212,1,0.0,0.721333,-12.0,0.772133,1,0,1.8418,1.03926,0.0,19.857581,0.0,1.25,-1.8418,-1.498912,0.342888,-1.8418,structural_potential_outcomes_v1
s3s4,85,2024-09-12T16:13:25.896050+00:00,disturbance,Take out samples,3.039214,1,0.0,0.0,-16.0,0.7,1,0,1.95,1.115,0.0,19.857581,0.0,1.25,-1.95,-1.574652,0.375348,-1.95,structural_potential_outcomes_v1
s3s5,86,2024-09-12T16:16:00.165963+00:00,disturbance,HCW check-in,1.06432,1,0.0,0.866667,0.0,0.786667,1,1,1.82,1.024,0.0,19.857581,0.0,1.25,-1.82,-1.483652,0.336348,-1.483652,structural_potential_outcomes_v1
s3s5,87,2024-09-12T16:16:33.458423+00:00,disturbance,Disturbance,1.392873,1,0.0,0.816,0.0,0.7816,1,1,1.8276,1.02932,0.0,19.857581,0.0,1.25,-1.8276,-1.488972,0.338628,-1.488972,structural_potential_outcomes_v1
s3s5,88,2024-09-12T16:16:58.304093+00:00,disturbance,Apply tourniquet,2.337948,1,0.0,0.853333,1.0,0.785333,1,1,2.222,1.3054,0.0,19.857581,0.0,1.25,-2.222,-1.765052,0.456948,-1.765052,structural_potential_outcomes_v1
s3s5,89,2024-09-12T16:18:47.623864+00:00,disturbance,Remove needle,2.96736,1,0.0,0.0,-1.0,0.7,1,1,2.75,1.675,0.0,19.857581,0.0,1.25,-2.75,-2.134652,0.615348,-2.134652,structural_potential_outcomes_v1
s3s5,90,2024-09-12T16:19:26.675974+00:00,disturbance,Take out samples,3.871746,1,0.0,0.279333,1.0,0.727933,1,1,1.9081,1.08567,0.0,19.857581,0.0,1.25,-1.9081,-1.545322,0.362778,-1.545322,structural_potential_outcomes_v1
s3s6,91,2024-09-12T16:21:36.463605+00:00,disturbance,HCW check-in,2.906554,1,0.0,0.707333,0.0,0.770733,1,1,1.8439,1.04073,0.0,19.857581,0.0,1.25,-1.8439,-1.500382,0.343518,-1.500382,structural_potential_outcomes_v1
s3s6,92,2024-09-12T16:22:52.014789+00:00,disturbance,Disturbance,2.266659,1,0.0,0.552667,-1.0,0.755267,1,1,1.8671,1.05697,0.0,19.857581,0.0,1.25,-1.8671,-1.516622,0.350478,-1.516622,structural_potential_outcomes_v1
s3s6,93,2024-09-12T16:23:41.857019+00:00,disturbance,Apply tourniquet,2.526587,1,0.0,0.659333,0.0,0.765933,1,1,2.2511,1.32577,0.0,19.857581,0.0,1.25,-2.2511,-1.785422,0.465678,-1.785422,structural_potential_outcomes_v1
s3s6,94,2024-09-12T16:26:54.507943+00:00,disturbance,Remove needle,1.994565,1,0.0,0.696,-5.0,0.7696,1,1,2.6456,1.60192,0.0,19.857581,0.0,1.25,-2.6456,-2.061572,0.584028,-2.061572,structural_potential_outcomes_v1
s3s6,95,2024-09-12T16:28:03.445081+00:00,disturbance,Take out samples,1.874857,1,0.0,0.352667,-6.0,0.735267,1,1,1.8971,1.07797,0.0,19.857581,0.0,1.25,-1.8971,-1.537622,0.359478,-1.537622,structural_potential_outcomes_v1
s3s7,96,2024-09-12T16:31:04.560491+00:00,basic,HCW check-in,3.093256,0,0.0,0.0,0.0,0.55,1,0,1.15,0.705,0.0,20.091134,0.0,1.0,-1.15,-1.156823,-0.006823,-1.15,structural_potential_outcomes_v1
s3s7,97,2024-09-12T16:31:53.289909+00:00,basic,Apply tourniquet,1.806381,0,0.0,0.0,-3.0,0.55,1,1,1.55,0.985,0.0,20.091134,0.0,1.0,-1.55,-1.436823,0.113177,-1.436823,structural_potential_outcomes_v1
s3s7,98,2024-09-12T16:33:31.624015+00:00,basic,Start blood drawing machine,2.253986,0,0.0,0.0,-7.0,0.55,1,1,1.15,0.705,0.0,20.091134,0.0,1.0,-1.15,-1.156823,-0.006823,-1.156823,structural_potential_outcomes_v1
s3s7,99,2024-09-12T16:34:28.854626+00:00,basic,Apply tourniquet,1.693676,0,0.0,0.824,-9.0,0.6324,1,0,1.4264,0.89848,0.0,20.091134,0.0,1.0,-1.4264,-1.350303,0.076097,-1.4264,structural_potential_outcomes_v1
s3s7,100,2024-09-12T16:36:46.325183+00:00,basic,Remove needle,0.902385,0,0.0,0.708667,-14.0,0.620867,1,1,1.8437,1.19059,0.0,20.091134,0.0,1.0,-1.8437,-1.642413,0.201287,-1.642413,structural_potential_outcomes_v1
s3s7,101,2024-09-12T16:37:41.634557+00:00,basic,Take out samples,6.85381,0,0.0,0.675333,-18.0,0.617533,1,1,1.0487,0.63409,0.0,20.091134,0.0,1.0,-1.0487,-1.085913,-0.037213,-1.085913,structural_potential_outcomes_v1
s3s7,102,2024-09-12T16:38:42.574139+00:00,basic,Remove needle,0.922011,0,0.0,0.664667,-22.0,0.616467,1,0,1.8503,1.19521,0.0,20.091134,0.0,1.0,-1.8503,-1.647033,0.203267,-1.8503,structural_potential_outcomes_v1
s3s7,103,2024-09-12T16:39:35.935657+00:00,basic,Take out samples,4.543911,0,0.0,0.841333,-24.0,0.634133,1,1,1.0238,0.61666,0.0,20.091134,0.0,1.0,-1.0238,-1.068483,-0.044683,-1.068483,structural_potential_outcomes_v1
s3s8,104,2024-09-12T16:41:43.801660+00:00,disturbance,HCW check-in,0.98515,1,0.0,0.769333,0.0,0.776933,1,1,1.8346,1.03422,0.0,19.857581,0.0,1.25,-1.8346,-1.493872,0.340728,-1.493872,structural_potential_outcomes_v1
s3s8,105,2024-09-12T16:42:17.853167+00:00,disturbance,Disturbance,1.813119,1,0.0,0.0,8.0,0.7,1,1,1.95,1.115,0.0,19.857581,0.0,1.25,-1.95,-1.574652,0.375348,-1.574652,structural_potential_outcomes_v1
s3s8,106,2024-09-12T16:42:47.434179+00:00,disturbance,Apply tourniquet,2.476558,1,0.0,0.808667,-10.0,0.780867,1,1,2.2287,1.31009,0.0,19.857581,0.0,1.25,-2.2287,-1.769742,0.458958,-1.769742,structural_potential_outcomes_v1
s3s8,107,2024-09-12T16:44:43.915755+00:00,disturbance,Remove needle,3.232181,1,0.0,0.0,-14.0,0.7,1,1,2.75,1.675,0.0,19.857581,0.0,1.25,-2.75,-2.134652,0.615348,-2.134652,structural_potential_outcomes_v1
s3s8,108,2024-09-12T16:45:33.079646+00:00,disturbance,Take out samples,1.371705,1,0.0,0.592,-15.0,0.7592,1,1,1.8612,1.05284,0.0,19.857581,0.0,1.25,-1.8612,-1.512492,0.348708,-1.512492,structural_potential_outcomes_v1
s4s1,109,2024-09-13T10:53:48.888211+00:00,basic,HCW check-in,1.1772,0,0.0,0.0,1316.0,0.55,1,0,1.15,0.705,0.0,20.091134,0.0,1.0,-1.15,-1.156823,-0.006823,-1.15,structural_potential_outcomes_v1
s4s1,110,2024-09-13T10:54:30.922438+00:00,basic,Apply tourniquet,0.80587,0,0.0,0.624,98.0,0.6124,1,0,1.4564,0.91948,0.0,20.091134,0.0,1.0,-1.4564,-1.371303,0.085097,-1.4564,structural_potential_outcomes_v1
s4s1,111,2024-09-13T10:56:17.585435+00:00,basic,Remove needle,1.585049,0,0.0,0.0,-5.0,0.55,1,0,1.95,1.265,0.0,20.091134,0.0,1.0,-1.95,-1.716823,0.233177,-1.95,structural_potential_outcomes_v1
s4s1,112,2024-09-13T10:57:05.532905+00:00,basic,Take out samples,3.517043,0,0.0,0.428667,-4.0,0.592867,1,0,1.0857,0.65999,0.0,20.091134,0.0,1.0,-1.0857,-1.111813,-0.026113,-1.0857,structural_potential_outcomes_v1
s4s2,113,2024-09-13T11:00:00.677487+00:00,disturbance,HCW check-in,0.620552,1,0.0,0.744,0.0,0.7744,1,0,1.8384,1.03688,0.0,19.857581,0.0,1.25,-1.8384,-1.496532,0.341868,-1.8384,structural_potential_outcomes_v1
s4s2,114,2024-09-13T11:00:17.465381+00:00,disturbance,Check blood drawing machine,6.046853,1,0.0,0.795333,1598.0,0.779533,1,1,1.8307,1.03149,0.0,19.857581,0.0,1.25,-1.8307,-1.491142,0.339558,-1.491142,structural_potential_outcomes_v1
s4s2,115,2024-09-13T11:00:34.384152+00:00,disturbance,Apply tourniquet,0.882646,1,0.0,0.0,798.0,0.7,1,1,2.35,1.395,0.0,19.857581,0.0,1.25,-2.35,-1.854652,0.495348,-1.854652,structural_potential_outcomes_v1
s4s2,116,2024-09-13T11:01:52.289623+00:00,disturbance,Remove needle,0.861154,1,0.0,0.274,-2.0,0.7274,1,1,2.7089,1.64623,0.0,19.857581,0.0,1.25,-2.7089,-2.105882,0.603018,-2.105882,structural_potential_outcomes_v1
s4s2,117,2024-09-13T11:02:15.937874+00:00,disturbance,Take out samples,2.322787,1,0.0,0.762667,-2.0,0.776267,1,1,1.8356,1.03492,0.0,19.857581,0.0,1.25,-1.8356,-1.494572,0.341028,-1.494572,structural_potential_outcomes_v1
s4s3,118,2024-09-13T11:04:06.737881+00:00,disturbance,HCW check-in,0.667423,1,0.0,0.0,0.0,0.7,1,1,1.95,1.115,0.0,19.857581,0.0,1.25,-1.95,-1.574652,0.375348,-1.574652,structural_potential_outcomes_v1
s4s3,119,2024-09-13T11:04:35.133467+00:00,disturbance,Disturbance,1.783867,1,0.0,0.757333,2210.0,0.775733,1,1,1.8364,1.03548,0.0,19.857581,0.0,1.25,-1.8364,-1.495132,0.341268,-1.495132,structural_potential_outcomes_v1
s4s3,120,2024-09-13T11:04:53.845793+00:00,disturbance,Apply tourniquet,0.633353,1,0.0,0.775333,146.0,0.777533,1,1,2.2337,1.31359,0.0,19.857581,0.0,1.25,-2.2337,-1.773242,0.460458,-1.773242,structural_potential_outcomes_v1
s4s3,121,2024-09-13T11:06:27.304738+00:00,disturbance,Remove needle,2.363594,1,0.0,0.0,-8.0,0.7,1,1,2.75,1.675,0.0,19.857581,0.0,1.25,-2.75,-2.134652,0.615348,-2.134652,structural_potential_outcomes_v1
s4s3,122,2024-09-13T11:06:56.923149+00:00,disturbance,Take out samples,3.09608,1,0.0,0.0,-12.0,0.7,1,0,1.95,1.115,0.0,19.857581,0.0,1.25,-1.95,-1.574652,0.375348,-1.95,structural_potential_outcomes_v1
s4s4,123,2024-09-13T11:09:12.768654+00:00,disturbance,HCW check-in,1.198411,1,0.0,0.0,0.0,0.7,1,0,1.95,1.115,0.0,19.857581,0.0,1.25,-1.95,-1.574652,0.375348,-1.95,structural_potential_outcomes_v1
s4s4,124,2024-09-13T11:09:35.518526+00:00,disturbance,Disturbance,1.019445,1,0.0,0.608667,1383.0,0.760867,1,0,1.8587,1.05109,0.0,19.857581,0.0,1.25,-1.8587,-1.510742,0.347958,-1.8587,structural_potential_outcomes_v1
s4s4,125,2024-09-13T11:09:55.524385+00:00,disturbance,Apply tourniquet,2.454737,1,0.0,0.710667,34.0,0.771067,1,1,2.2434,1.32038,0.0,19.857581,0.0,1.25,-2.2434,-1.780032,0.463368,-1.780032,structural_potential_outcomes_v1
s4s4,126,2024-09-13T11:12:07.350985+00:00,disturbance,Remove needle,0.764916,1,0.0,0.634,-7.0,0.7634,1,1,2.6549,1.60843,0.0,19.857581,0.0,1.25,-2.6549,-2.068082,0.586818,-2.068082,structural_potential_outcomes_v1
s4s4,127,2024-09-13T11:12:45.049721+00:00,disturbance,Take out samples,1.747534,1,0.0,0.695333,-6.0,0.769533,1,1,1.8457,1.04199,0.0,19.857581,0.0,1.25,-1.8457,-1.501642,0.344058,-1.501642,structural_potential_outcomes_v1
s4s5,128,2024-09-13T11:15:46.600552+00:00,disturbance,HCW check-in,0.757485,1,0.0,0.0,0.0,0.7,1,0,1.95,1.115,0.0,19.857581,0.0,1.25,-1.95,-1.574652,0.375348,-1.95,structural_potential_outcomes_v1
s4s5,129,2024-09-13T11:15:55.410464+00:00,disturbance,HCW check-in,2.350796,1,0.0,0.0,1.0,0.7,1,1,1.95,1.115,0.0,19.857581,0.0,1.25,-1.95,-1.574652,0.375348,-1.574652,structural_potential_outcomes_v1
s4s5,130,2024-09-13T11:16:17.687393+00:00,disturbance,Disturbance,1.35577,1,0.0,0.0,-4.0,0.7,1,1,1.95,1.115,0.0,19.857581,0.0,1.25,-1.95,-1.574652,0.375348,-1.574652,structural_potential_outcomes_v1
s4s5,131,2024-09-13T11:16:35.686373+00:00,disturbance,Apply tourniquet,1.462092,1,0.0,0.254,1379.0,0.7254,1,1,2.3119,1.36833,0.0,19.857581,0.0,1.25,-2.3119,-1.827982,0.483918,-1.827982,structural_potential_outcomes_v1
s4s5,132,2024-09-13T11:18:36.699656+00:00,disturbance,Remove needle,1.970125,1,0.0,0.618667,1.0,0.761867,1,1,2.6572,1.61004,0.0,19.857581,0.0,1.25,-2.6572,-2.069692,0.587508,-2.069692,structural_potential_outcomes_v1
s4s5,133,2024-09-13T11:19:02.627301+00:00,disturbance,Take out samples,1.013252,1,0.0,0.0,-2.0,0.7,1,1,1.95,1.115,0.0,19.857581,0.0,1.25,-1.95,-1.574652,0.375348,-1.574652,structural_potential_outcomes_v1
s4s6,134,2024-09-13T11:20:57.092838+00:00,disturbance,HCW check-in,0.64659,1,0.0,0.850667,45.0,0.785067,1,1,1.8224,1.02568,0.0,19.857581,0.0,1.25,-1.8224,-1.485332,0.337068,-1.485332,structural_potential_outcomes_v1
s4s6,135,2024-09-13T11:21:18.171216+00:00,disturbance,Disturbance,1.751434,1,0.0,0.760667,167.0,0.776067,1,1,1.8359,1.03513,0.0,19.857581,0.0,1.25,-1.8359,-1.494782,0.341118,-1.494782,structural_potential_outcomes_v1
s4s6,136,2024-09-13T11:21:32.393844+00:00,disturbance,Apply tourniquet,1.393135,1,0.0,0.760667,544.0,0.776067,1,1,2.2359,1.31513,0.0,19.857581,0.0,1.25,-2.2359,-1.774782,0.461118,-1.774782,structural_potential_outcomes_v1
s4s6,137,2024-09-13T11:22:59.556414+00:00,disturbance,Remove needle,1.640502,1,0.0,0.0,16.0,0.7,1,1,2.75,1.675,0.0,19.857581,0.0,1.25,-2.75,-2.134652,0.615348,-2.134652,structural_potential_outcomes_v1
s4s6,138,2024-09-13T11:23:29.756355+00:00,disturbance,Take out samples,2.03931,1,0.0,0.688667,15.0,0.768867,1,1,1.8467,1.04269,0.0,19.857581,0.0,1.25,-1.8467,-1.502342,0.344358,-1.502342,structural_potential_outcomes_v1
s4s7,139,2024-09-13T11:27:45.090958+00:00,basic,HCW check-in,1.150809,0,0.0,0.828667,0.0,0.632867,1,0,1.0257,0.61799,0.0,20.091134,0.0,1.0,-1.0257,-1.069813,-0.044113,-1.0257,structural_potential_outcomes_v1
s4s7,140,2024-09-13T11:28:15.970087+00:00,basic,Apply tourniquet,2.811759,0,0.0,0.0,-3.0,0.55,1,0,1.55,0.985,0.0,20.091134,0.0,1.0,-1.55,-1.436823,0.113177,-1.55,structural_potential_outcomes_v1
s4s7,141,2024-09-13T11:29:21.628962+00:00,basic,Start blood drawing machine,0.779545,0,0.0,0.0,-7.0,0.55,1,1,1.15,0.705,0.0,20.091134,0.0,1.0,-1.15,-1.156823,-0.006823,-1.156823,structural_potential_outcomes_v1
s4s7,142,2024-09-13T11:29:46.409554+00:00,basic,Apply tourniquet,1.082272,0,0.0,0.805333,-5.0,0.630533,1,0,1.4292,0.90044,0.0,20.091134,0.0,1.0,-1.4292,-1.352263,0.076937,-1.4292,structural_potential_outcomes_v1
s4s7,143,2024-09-13T11:31:06.873143+00:00,basic,Remove needle,2.129962,0,0.0,0.843333,-9.0,0.634333,1,0,1.8235,1.17645,0.0,20.091134,0.0,1.0,-1.8235,-1.628273,0.195227,-1.8235,structural_potential_outcomes_v1
s4s7,144,2024-09-13T11:31:43.024300+00:00,basic,Take out samples,4.842702,0,0.0,0.756667,-8.0,0.625667,1,1,1.0365,0.62555,0.0,20.091134,0.0,1.0,-1.0365,-1.077373,-0.040873,-1.077373,structural_potential_outcomes_v1
s4s7,145,2024-09-13T11:32:28.969883+00:00,basic,Remove needle,1.138326,0,0.0,0.736667,-6.0,0.623667,1,0,1.8395,1.18765,0.0,20.091134,0.0,1.0,-1.8395,-1.639473,0.200027,-1.8395,structural_potential_outcomes_v1
s4s7,146,2024-09-13T11:32:54.387868+00:00,basic,Take out samples,1.378126,0,0.0,0.101333,2.0,0.560133,1,1,1.1348,0.69436,0.0,20.091134,0.0,1.0,-1.1348,-1.146183,-0.011383,-1.146183,structural_potential_outcomes_v1
s4s8,147,2024-09-13T11:36:42.715291+00:00,basic,HCW check-in,1.273822,0,0.0,0.0,-1.0,0.55,1,1,1.15,0.705,0.0,20.091134,0.0,1.0,-1.15,-1.156823,-0.006823,-1.156823,structural_potential_outcomes_v1
s4s8,148,2024-09-13T11:37:05.019916+00:00,basic,Apply tourniquet,1.393321,0,0.0,0.0,-18.0,0.55,1,1,1.55,0.985,0.0,20.091134,0.0,1.0,-1.55,-1.436823,0.113177,-1.436823,structural_potential_outcomes_v1
s4s8,149,2024-09-13T11:38:30.797744+00:00,basic,Start blood drawing machine,2.635069,0,0.0,0.0,-19.0,0.55,1,0,1.15,0.705,0.0,20.091134,0.0,1.0,-1.15,-1.156823,-0.006823,-1.15,structural_potential_outcomes_v1
s4s8,150,2024-09-13T11:39:00.156562+00:00,basic,Apply tourniquet,2.60081,0,0.0,0.845333,-32.0,0.634533,1,0,1.4232,0.89624,0.0,20.091134,0.0,1.0,-1.4232,-1.348063,0.075137,-1.4232,structural_potential_outcomes_v1
s4s8,151,2024-09-13T11:40:43.564194+00:00,basic,Remove needle,2.578096,0,0.0,0.0,-32.0,0.55,1,1,1.95,1.265,0.0,20.091134,0.0,1.0,-1.95,-1.716823,0.233177,-1.716823,structural_potential_outcomes_v1
s4s8,152,2024-09-13T11:41:20.986196+00:00,basic,Take out samples,3.371913,0,0.0,0.634,-30.0,0.6134,1,0,1.0549,0.63843,0.0,20.091134,0.0,1.0,-1.0549,-1.090253,-0.035353,-1.0549,structural_potential_outcomes_v1
s4s8,153,2024-09-13T11:42:16.126784+00:00,basic,Remove needle,3.222455,0,0.0,0.654667,-34.0,0.615467,1,0,1.8518,1.19626,0.0,20.091134,0.0,1.0,-1.8518,-1.648083,0.203717,-1.8518,structural_potential_outcomes_v1
s4s8,154,2024-09-13T11:42:46.117803+00:00,basic,Take out samples,3.651068,0,0.0,0.756667,-18.0,0.625667,1,1,1.0365,0.62555,0.0,20.091134,0.0,1.0,-1.0365,-1.077373,-0.040873,-1.077373,structural_potential_outcomes_v1
